experiment,epoch,train_loss,train_accuracy,val_loss,val_accuracy,augmentation,batch_mix,mix_alpha,mix_probability,seed,mixed_batches,total_batches,actual_mix_ratio,condition
no_aug,1,4.434764271240311,15.485914319053176,3.847184064587744,42.62409694709858,none,none,,,,,,,no_mix
no_aug,2,3.498878558609243,48.25804300716786,2.7109898474632623,62.631088324399904,none,none,,,,,,,no_mix
no_aug,3,2.646304824547403,61.518586431071846,1.89937302072241,70.33325565136332,none,none,,,,,,,no_mix
no_aug,4,2.027563766313208,69.80330055009168,1.4128889452741575,75.80983453740387,none,none,,,,,,,no_mix
no_aug,5,1.6310921133428955,73.93732288714786,1.116395455839139,78.0936844558378,none,none,,,,,,,no_mix
no_aug,6,1.353823171116587,77.38789798299716,0.9452333745909748,79.7716150081566,none,none,,,,,,,no_mix
no_aug,7,1.1621072135938963,79.13818969828304,0.8225545187675434,81.16989046842228,none,none,,,,,,,no_mix
no_aug,8,1.0144804989343723,81.41356892815469,0.7423864489556248,82.06711722209275,none,none,,,,,,,no_mix
no_aug,9,0.8947357421597752,83.18053008834806,0.6896738424720088,82.84782102074108,none,none,,,,,,,no_mix
no_aug,10,0.7890469522540977,84.79746624437406,0.6541058927448,83.20904218130971,none,none,,,,,,,no_mix
no_aug,11,0.7113079274867172,86.4394065677613,0.6270865002202977,83.30226054532743,none,none,,,,,,,no_mix
no_aug,12,0.6413989424566404,87.77296216036007,0.610265989100508,83.45374038685621,none,none,,,,,,,no_mix
no_aug,13,0.5805807025616597,88.73978996499416,0.5923878369048546,83.48869727336285,none,none,,,,,,,no_mix
no_aug,14,0.5302083980522467,89.75662610435073,0.5735844269801175,83.75670006991378,none,none,,,,,,,no_mix
no_aug,15,0.48391264312902,91.20686781130188,0.563896024825828,83.98974597995806,none,none,,,,,,,no_mix
no_aug,16,0.4404974428489419,91.69028171361892,0.5572425720922821,83.74504777441156,none,none,,,,,,,no_mix
no_aug,17,0.4054304272716374,92.44874145690947,0.550805868822721,84.10626893498019,none,none,,,,,,,no_mix
no_aug,18,0.3680315993342484,93.46557759626604,0.546774691466934,84.01305057096248,none,none,,,,,,,no_mix
no_aug,19,0.3389774514379293,94.15735955992666,0.5516007145477381,83.90817991144256,none,none,,,,,,,no_mix
no_aug,20,0.3168555541641812,94.82413735622605,0.5426533736220831,83.98974597995806,none,none,,,,,,,no_mix
basic,1,4.434439767418474,15.769294882480413,3.8502877914274913,42.42600792356094,basic,none,,,,,,,no_mix
basic,2,3.5032419177527667,48.19969994999167,2.7102062471594683,62.39804241435563,basic,none,,,,,,,no_mix
basic,3,2.654829984149212,61.18519753292215,1.9005665694658809,70.53134467490095,basic,none,,,,,,,no_mix
basic,4,2.042086171952858,69.27821303550591,1.4143616148320368,75.70496387788394,basic,none,,,,,,,no_mix
basic,5,1.6508861279205431,73.31221870311718,1.1165038972877728,78.00046609182009,basic,none,,,,,,,no_mix
basic,6,1.3809147381865992,76.1543590598433,0.9437122989356505,79.69004893964112,basic,none,,,,,,,no_mix
basic,7,1.197245904317914,78.03800633438907,0.8243840621835117,81.12328128641343,basic,none,,,,,,,no_mix
basic,8,1.0548450051993008,80.03000500083347,0.7430991512499497,81.97389885807505,basic,none,,,,,,,no_mix
basic,9,0.9414015441442414,81.62193698949825,0.6865391404832668,83.06921463528315,basic,none,,,,,,,no_mix
basic,10,0.8462278428505333,82.84714119019837,0.6565419844302006,83.22069447681193,basic,none,,,,,,,no_mix
basic,11,0.7718009150093805,84.68078013002167,0.6234607874888747,83.43043579585178,basic,none,,,,,,,no_mix
basic,12,0.7080396246882275,85.0808468078013,0.605508839277031,83.59356793288278,basic,none,,,,,,,no_mix
basic,13,0.6531426689290547,86.2810468411402,0.5901199035907342,83.65182941039384,basic,none,,,,,,,no_mix
basic,14,0.6051412748483682,86.90615102517086,0.5660047544462924,83.95478909345141,basic,none,,,,,,,no_mix
basic,15,0.5609036341699526,88.17302883813969,0.5557900720738886,84.32766254952226,basic,none,,,,,,,no_mix
basic,16,0.5215363852440029,88.73978996499416,0.5459329364836508,84.15287811698904,basic,none,,,,,,,no_mix
basic,17,0.4888052846475688,89.63993998999834,0.5397409853319054,84.3626194360289,basic,none,,,,,,,no_mix
basic,18,0.4505712298661157,90.6984497416236,0.531775138874594,84.49079468655326,basic,none,,,,,,,no_mix
basic,19,0.4223347781628127,91.37356226037672,0.5339194944593296,84.08296434397576,basic,none,,,,,,,no_mix
basic,20,0.4021623119212604,91.90698449741625,0.5247003007840788,84.52575157305989,basic,none,,,,,,,no_mix
morejitter,1,4.437391849970258,15.410901816969496,3.853780111492,42.356094150547655,morejitter,none,,,,,,,no_mix
morejitter,2,3.508847134970569,48.21636939489915,2.712260367791988,62.502913073875554,morejitter,none,,,,,,,no_mix
morejitter,3,2.661286492728456,61.24354059009835,1.901566125162552,70.3216033558611,morejitter,none,,,,,,,no_mix
morejitter,4,2.0475331708021334,69.17819636606102,1.413758069533786,75.61174551386623,morejitter,none,,,,,,,no_mix
morejitter,5,1.6563644987242403,73.22887147857976,1.1220422663685323,78.30342577487765,morejitter,none,,,,,,,no_mix
morejitter,6,1.3851734925993564,76.22937156192698,0.9405185822505993,79.86483337217432,morejitter,none,,,,,,,no_mix
morejitter,7,1.20371595073251,77.47957992998833,0.8250564374837028,81.07667210440457,morejitter,none,,,,,,,no_mix
morejitter,8,1.0606572803288108,79.53825637606268,0.745844140235596,81.99720344907946,morejitter,none,,,,,,,no_mix
morejitter,9,0.9502601491190787,81.22187031171862,0.6897050587065818,82.82451642973666,morejitter,none,,,,,,,no_mix
morejitter,10,0.8460052966733718,82.89714952492082,0.654563698491359,83.278955954323,morejitter,none,,,,,,,no_mix
morejitter,11,0.7783983220635186,84.33905650941824,0.6261164475726347,83.25565136331858,morejitter,none,,,,,,,no_mix
morejitter,12,0.7151265388271136,84.9224870811802,0.6042542444453932,83.75670006991378,morejitter,none,,,,,,,no_mix
morejitter,13,0.6563589881809379,86.02267044507418,0.5895705062160679,83.39547890934514,morejitter,none,,,,,,,no_mix
morejitter,14,0.6101684679705255,86.98116352725454,0.5658108617105952,84.11792123048241,morejitter,none,,,,,,,no_mix
morejitter,15,0.566279807191508,88.2147024504084,0.5559862829663208,84.17618270799348,morejitter,none,,,,,,,no_mix
morejitter,16,0.5270888541843279,88.52308718119687,0.5470631572089532,84.19948729899791,morejitter,none,,,,,,,no_mix
morejitter,17,0.4936176589139801,89.54825804300717,0.5377848463037913,84.53740386856211,morejitter,none,,,,,,,no_mix
morejitter,18,0.4550051493959877,90.40673445574262,0.5293554861530005,84.60731764157539,morejitter,none,,,,,,,no_mix
morejitter,19,0.425897390609146,90.98183030505083,0.5339328194867479,84.24609648100676,morejitter,none,,,,,,,no_mix
morejitter,20,0.4061796346353002,91.75695949324889,0.5267207938748011,84.38592402703333,morejitter,none,,,,,,,no_mix
rotationaug,1,4.443034732753107,15.24420736789465,3.860569503917974,41.6336518294104,rotationaug,none,,,,,,,no_mix
rotationaug,2,3.5251167370967416,47.38289714952492,2.7222071923567293,62.036821253787,rotationaug,none,,,,,,,no_mix
rotationaug,3,2.6803781455269373,60.96849474912485,1.9065156375797887,69.9836867862969,rotationaug,none,,,,,,,no_mix
rotationaug,4,2.070257233389021,68.01966994499084,1.417355684766234,75.43696108133302,rotationaug,none,,,,,,,no_mix
rotationaug,5,1.6807712428985904,72.42040340056676,1.1204127959509436,77.74411559077139,rotationaug,none,,,,,,,no_mix
rotationaug,6,1.4114634700567847,75.00416736122688,0.9376439585521265,79.48030762060125,rotationaug,none,,,,,,,no_mix
rotationaug,7,1.2265210380592353,77.10451741956993,0.8293444198957554,80.936844558378,rotationaug,none,,,,,,,no_mix
rotationaug,8,1.091792561467796,78.39639939989998,0.7485877019601723,81.92728967606618,rotationaug,none,,,,,,,no_mix
rotationaug,9,0.9785940396346576,80.17169528254709,0.6867076415638912,82.64973199720345,rotationaug,none,,,,,,,no_mix
rotationaug,10,0.8802165318914484,81.77196199366561,0.6547731039991359,83.04591004427873,rotationaug,none,,,,,,,no_mix
rotationaug,11,0.8129705702747816,82.84714119019837,0.6250224979266618,83.17408529480308,rotationaug,none,,,,,,,no_mix
rotationaug,12,0.7505952269261152,83.78896482747125,0.6028200756889545,83.55861104637614,rotationaug,none,,,,,,,no_mix
rotationaug,13,0.6976087765209594,84.605767627938,0.5896693212575942,83.25565136331858,rotationaug,none,,,,,,,no_mix
rotationaug,14,0.6579605859505134,85.40590098349725,0.5686626996548964,84.03635516196691,rotationaug,none,,,,,,,no_mix
rotationaug,15,0.6147352026132449,86.4394065677613,0.552516456418203,84.4441855045444,rotationaug,none,,,,,,,no_mix
rotationaug,16,0.5717158668695798,87.22287047841307,0.5418564276910834,84.14122582148683,rotationaug,none,,,,,,,no_mix
rotationaug,17,0.5428825056757564,87.60626771128521,0.5366237658396992,84.52575157305989,rotationaug,none,,,,,,,no_mix
rotationaug,18,0.5054317847463087,88.8648108018003,0.5274979640861903,84.63062223257982,rotationaug,none,,,,,,,no_mix
rotationaug,19,0.4828779072558051,89.08984830805134,0.5289130814771112,84.63062223257982,rotationaug,none,,,,,,,no_mix
rotationaug,20,0.4631751208707558,89.69828304717453,0.5211709122353849,84.58401305057096,rotationaug,none,,,,,,,no_mix
basic_mixup,1,4.650730330261673,5.711899761593856,4.233015750399616,24.44651596364484,basic,mixup,1.0,1.0,,,,,mixup_alpha1.0_p1.0
basic_mixup,2,4.258187856171842,22.6589769823232,3.427339252239895,51.5847121883011,basic,mixup,1.0,1.0,,,,,mixup_alpha1.0_p1.0
basic_mixup,3,3.820523486731152,33.88544350891109,2.628106462235941,61.57072943369844,basic,mixup,1.0,1.0,,,,,mixup_alpha1.0_p1.0
basic_mixup,4,3.4596111852340967,39.76299024602183,2.064989781774193,68.18923327895595,basic,mixup,1.0,1.0,,,,,mixup_alpha1.0_p1.0
basic_mixup,5,3.2159975292404845,43.37506885021699,1.6500627218051769,70.76439058494523,basic,mixup,1.0,1.0,,,,,mixup_alpha1.0_p1.0
basic_mixup,6,2.9603827135982983,47.33727841816089,1.3686952853475076,73.75903052901421,basic,mixup,1.0,1.0,,,,,mixup_alpha1.0_p1.0
basic_mixup,7,2.84570808153507,48.578448314231096,1.2228122429535455,76.49731997203449,basic,mixup,1.0,1.0,,,,,mixup_alpha1.0_p1.0
basic_mixup,8,2.7100387459338595,50.81168386791408,1.0973943764444998,78.0121183873223,basic,mixup,1.0,1.0,,,,,mixup_alpha1.0_p1.0
basic_mixup,9,2.6529800251615625,51.721603050846966,0.9696468046649968,78.99091120950827,basic,mixup,1.0,1.0,,,,,mixup_alpha1.0_p1.0
basic_mixup,10,2.58609313145342,52.81321359326346,0.9319159299642216,79.9347471451876,basic,mixup,1.0,1.0,,,,,mixup_alpha1.0_p1.0
basic_mixup,11,2.516592431652643,54.232622122474105,0.8635000613457505,80.72710323933815,basic,mixup,1.0,1.0,,,,,mixup_alpha1.0_p1.0
basic_mixup,12,2.485801082508706,53.97335478556249,0.8271734602132952,80.98345374038685,basic,mixup,1.0,1.0,,,,,mixup_alpha1.0_p1.0
basic_mixup,13,2.4555891359382955,54.8784785761335,0.7955554891955017,81.41458867396877,basic,mixup,1.0,1.0,,,,,mixup_alpha1.0_p1.0
basic_mixup,14,2.4029811608391936,56.1925463666636,0.7633070277323175,82.61477511069681,basic,mixup,1.0,1.0,,,,,mixup_alpha1.0_p1.0
basic_mixup,15,2.415241109031223,55.64176644241368,0.7332045242409139,82.54486133768353,basic,mixup,1.0,1.0,,,,,mixup_alpha1.0_p1.0
basic_mixup,16,2.3480707802441065,57.331358354879,0.716643967305661,82.66138429270566,basic,mixup,1.0,1.0,,,,,mixup_alpha1.0_p1.0
basic_mixup,17,2.312765583313988,57.89699059960312,0.6953184227931196,83.45374038685621,basic,mixup,1.0,1.0,,,,,mixup_alpha1.0_p1.0
basic_mixup,18,2.275955047303785,59.10502430308063,0.6864963066352884,83.41878350034956,basic,mixup,1.0,1.0,,,,,mixup_alpha1.0_p1.0
basic_mixup,19,2.284906379738178,58.43766653724075,0.684305269126152,83.38382661384293,basic,mixup,1.0,1.0,,,,,mixup_alpha1.0_p1.0
basic_mixup,20,2.246457102160033,59.71149917505465,0.6721720296557037,83.39547890934514,basic,mixup,1.0,1.0,,,,,mixup_alpha1.0_p1.0
basic_cutmix,1,4.689027707404664,4.018937354514443,4.330129830216617,20.403169424376603,basic,cutmix,1.0,1.0,,,,,cutmix_alpha1.0_p1.0
basic_cutmix,2,4.376020811939065,17.608093689243724,3.6265320347283887,48.28711256117455,basic,cutmix,1.0,1.0,,,,,cutmix_alpha1.0_p1.0
basic_cutmix,3,4.025253156002888,27.542844984952847,2.8940425205275164,60.18410626893498,basic,cutmix,1.0,1.0,,,,,cutmix_alpha1.0_p1.0
basic_cutmix,4,3.720619487969115,32.794254671962776,2.321810411367903,66.75600093218364,basic,cutmix,1.0,1.0,,,,,cutmix_alpha1.0_p1.0
basic_cutmix,5,3.450791470546249,37.43991411940255,1.8431564133863465,69.21463528315078,basic,cutmix,1.0,1.0,,,,,cutmix_alpha1.0_p1.0
basic_cutmix,6,3.2271196569158827,40.28468881053941,1.548896527934869,72.34910277324633,basic,cutmix,1.0,1.0,,,,,cutmix_alpha1.0_p1.0
basic_cutmix,7,3.08005734292005,41.461863874102285,1.3295631347850496,75.21556746679096,basic,cutmix,1.0,1.0,,,,,cutmix_alpha1.0_p1.0
basic_cutmix,8,2.940925486824238,44.30071376293367,1.1909589622160184,76.43905849452342,basic,cutmix,1.0,1.0,,,,,cutmix_alpha1.0_p1.0
basic_cutmix,9,2.845113417648796,45.17687787329992,1.038825582093888,78.0936844558378,basic,cutmix,1.0,1.0,,,,,cutmix_alpha1.0_p1.0
basic_cutmix,10,2.7848301253769474,45.97061965817647,0.978897056346783,79.16569564204148,basic,cutmix,1.0,1.0,,,,,cutmix_alpha1.0_p1.0
basic_cutmix,11,2.696842748813976,47.84180753924552,0.9161121007502148,80.4357958517828,basic,cutmix,1.0,1.0,,,,,cutmix_alpha1.0_p1.0
basic_cutmix,12,2.6493282590752583,47.8997424647837,0.8655299976471559,80.89023537636915,basic,cutmix,1.0,1.0,,,,,cutmix_alpha1.0_p1.0
basic_cutmix,13,2.6097536496389586,48.50232283213232,0.8303362693549925,81.36797949195991,basic,cutmix,1.0,1.0,,,,,cutmix_alpha1.0_p1.0
basic_cutmix,14,2.553596481479671,49.58322949259607,0.7857057282458483,81.62432999300863,basic,cutmix,1.0,1.0,,,,,cutmix_alpha1.0_p1.0
basic_cutmix,15,2.5210626880851144,49.98811401735532,0.7628188471615217,82.33512001864368,basic,cutmix,1.0,1.0,,,,,cutmix_alpha1.0_p1.0
basic_cutmix,16,2.505174094109679,50.21332693549471,0.7404522693148862,82.57981822419016,basic,cutmix,1.0,1.0,,,,,cutmix_alpha1.0_p1.0
basic_cutmix,17,2.450219239368302,51.07317192640097,0.7170247570308764,83.25565136331858,basic,cutmix,1.0,1.0,,,,,cutmix_alpha1.0_p1.0
basic_cutmix,18,2.4297747102493563,51.91320916102943,0.697163861452408,83.74504777441156,basic,cutmix,1.0,1.0,,,,,cutmix_alpha1.0_p1.0
basic_cutmix,19,2.382518913213721,52.52665011558044,0.6922227609438153,83.13912840829643,basic,cutmix,1.0,1.0,,,,,cutmix_alpha1.0_p1.0
basic_cutmix,20,2.39217977282166,52.07791544259297,0.6769218019354568,83.83826613842928,basic,cutmix,1.0,1.0,,,,,cutmix_alpha1.0_p1.0
morejitter_mixup,1,4.6517974144817495,5.618162919609539,4.233858155526361,24.44651596364484,morejitter,mixup,1.0,1.0,,,,,mixup_alpha1.0_p1.0
morejitter_mixup,2,4.2611286318248505,22.263051448473583,3.428916025539568,51.16522955022139,morejitter,mixup,1.0,1.0,,,,,mixup_alpha1.0_p1.0
morejitter_mixup,3,3.824481519227585,33.86267774102681,2.632943044423335,61.36098811465859,morejitter,mixup,1.0,1.0,,,,,mixup_alpha1.0_p1.0
morejitter_mixup,4,3.463624988203944,39.37586881670018,2.063287761933152,68.0610580284316,morejitter,mixup,1.0,1.0,,,,,mixup_alpha1.0_p1.0
morejitter_mixup,5,3.2214322342119885,43.296962196605534,1.6482321118675058,70.77604288044745,morejitter,mixup,1.0,1.0,,,,,mixup_alpha1.0_p1.0
morejitter_mixup,6,2.9633106190992566,46.90933389085996,1.363377090073832,73.95711955255186,morejitter,mixup,1.0,1.0,,,,,mixup_alpha1.0_p1.0
morejitter_mixup,7,2.8516169414656978,48.214239382183926,1.227558563261759,76.74201817758099,morejitter,mixup,1.0,1.0,,,,,mixup_alpha1.0_p1.0
morejitter_mixup,8,2.71711027258574,50.85094734968564,1.0966984500587196,78.08203216033559,morejitter,mixup,1.0,1.0,,,,,mixup_alpha1.0_p1.0
morejitter_mixup,9,2.6579322420690312,51.56273345662086,0.9750291977248752,79.16569564204148,morejitter,mixup,1.0,1.0,,,,,mixup_alpha1.0_p1.0
morejitter_mixup,10,2.588156518866209,52.85732935570797,0.9334874676952436,80.08622698671638,morejitter,mixup,1.0,1.0,,,,,mixup_alpha1.0_p1.0
morejitter_mixup,11,2.520146316559161,54.15328889061849,0.8696647912187472,80.79701701235143,morejitter,mixup,1.0,1.0,,,,,mixup_alpha1.0_p1.0
morejitter_mixup,12,2.492142025401819,54.08412357246378,0.838210930123637,81.29806571894663,morejitter,mixup,1.0,1.0,,,,,mixup_alpha1.0_p1.0
morejitter_mixup,13,2.4582337829585392,54.79153066645292,0.7939062699713759,81.32137030995106,morejitter,mixup,1.0,1.0,,,,,mixup_alpha1.0_p1.0
morejitter_mixup,14,2.407315752569448,55.57106674453842,0.7653910282107673,82.5215567466791,morejitter,mixup,1.0,1.0,,,,,mixup_alpha1.0_p1.0
morejitter_mixup,15,2.42353616843404,55.38847036424206,0.7407357961849242,82.6031228151946,morejitter,mixup,1.0,1.0,,,,,mixup_alpha1.0_p1.0
morejitter_mixup,16,2.352732855452162,57.03395138979069,0.7180784923634144,82.62642740619903,morejitter,mixup,1.0,1.0,,,,,mixup_alpha1.0_p1.0
morejitter_mixup,17,2.320131835072691,57.55983336402332,0.6983893846012557,83.51200186436728,morejitter,mixup,1.0,1.0,,,,,mixup_alpha1.0_p1.0
morejitter_mixup,18,2.283851204404912,58.79933724776592,0.692886289572888,83.19738988580751,morejitter,mixup,1.0,1.0,,,,,mixup_alpha1.0_p1.0
morejitter_mixup,19,2.290513906822262,58.41521755473693,0.6857310127431322,83.22069447681193,morejitter,mixup,1.0,1.0,,,,,mixup_alpha1.0_p1.0
morejitter_mixup,20,2.2507738174448653,59.34590806278116,0.6747557912720747,83.37217431834071,morejitter,mixup,1.0,1.0,,,,,mixup_alpha1.0_p1.0
morejitter_cutmix,1,4.689398731225967,4.315825131675857,4.333569924610807,20.414821719878816,morejitter,cutmix,1.0,1.0,,,,,cutmix_alpha1.0_p1.0
morejitter_cutmix,2,4.377534258343773,17.4249302897209,3.6244092513230872,48.31041715217898,morejitter,cutmix,1.0,1.0,,,,,cutmix_alpha1.0_p1.0
morejitter_cutmix,3,4.031538216545893,27.6865521711633,2.887180347482632,60.23071545094383,morejitter,cutmix,1.0,1.0,,,,,cutmix_alpha1.0_p1.0
morejitter_cutmix,4,3.723948524999388,32.92313839083725,2.32439174359841,66.66278256816592,morejitter,cutmix,1.0,1.0,,,,,cutmix_alpha1.0_p1.0
morejitter_cutmix,5,3.456681745849981,37.21050045197796,1.8508065848660564,69.10976462363085,morejitter,cutmix,1.0,1.0,,,,,cutmix_alpha1.0_p1.0
morejitter_cutmix,6,3.231020895396298,39.96025007144048,1.552213966193607,72.10440456769983,morejitter,cutmix,1.0,1.0,,,,,cutmix_alpha1.0_p1.0
morejitter_cutmix,7,3.083886855521745,41.19413151288392,1.3356844302352784,75.37869960382196,morejitter,cutmix,1.0,1.0,,,,,cutmix_alpha1.0_p1.0
morejitter_cutmix,8,2.947595061491203,43.7876364810802,1.1928115820334635,76.60219063155442,morejitter,cutmix,1.0,1.0,,,,,cutmix_alpha1.0_p1.0
morejitter_cutmix,9,2.85175983801268,44.83628180563047,1.0399262227814283,77.96550920531345,morejitter,cutmix,1.0,1.0,,,,,cutmix_alpha1.0_p1.0
morejitter_cutmix,10,2.787978350828044,46.07963299740011,0.9790595296628825,79.38708925658355,morejitter,cutmix,1.0,1.0,,,,,cutmix_alpha1.0_p1.0
morejitter_cutmix,11,2.705260939788056,47.412499732895576,0.9166203206776184,80.03961780470753,morejitter,cutmix,1.0,1.0,,,,,cutmix_alpha1.0_p1.0
morejitter_cutmix,12,2.651498189825359,47.9978269457005,0.868781192031559,80.98345374038685,morejitter,cutmix,1.0,1.0,,,,,cutmix_alpha1.0_p1.0
morejitter_cutmix,13,2.6127595860553914,48.34351145312055,0.8240033657338007,81.42624096947098,morejitter,cutmix,1.0,1.0,,,,,cutmix_alpha1.0_p1.0
morejitter_cutmix,14,2.5562128132831097,49.680957003675694,0.7849406457480727,81.6825914705197,morejitter,cutmix,1.0,1.0,,,,,cutmix_alpha1.0_p1.0
morejitter_cutmix,15,2.528059484044956,49.69833507274594,0.7614563417529149,82.31181542763925,morejitter,cutmix,1.0,1.0,,,,,cutmix_alpha1.0_p1.0
morejitter_cutmix,16,2.5157199793009783,49.7989827931037,0.7416238919945759,82.6846888837101,morejitter,cutmix,1.0,1.0,,,,,cutmix_alpha1.0_p1.0
morejitter_cutmix,17,2.459523025205243,50.7090611974338,0.7151770399628583,83.55861104637614,morejitter,cutmix,1.0,1.0,,,,,cutmix_alpha1.0_p1.0
morejitter_cutmix,18,2.436218628030476,51.67456045634516,0.6978712001482498,83.69843859240271,morejitter,cutmix,1.0,1.0,,,,,cutmix_alpha1.0_p1.0
morejitter_cutmix,19,2.3844250705882417,52.33649499087424,0.6924043700873393,83.34886972733628,morejitter,cutmix,1.0,1.0,,,,,cutmix_alpha1.0_p1.0
morejitter_cutmix,20,2.4002865194022447,52.24585156199503,0.679097586163161,83.55861104637614,morejitter,cutmix,1.0,1.0,,,,,cutmix_alpha1.0_p1.0
rotationaug_mixup,1,4.655171807437444,5.547667933471464,4.244505207401366,22.803542297832674,rotationaug,mixup,1.0,1.0,,,,,mixup_alpha1.0_p1.0
rotationaug_mixup,2,4.270689777820025,22.105317968587464,3.4379981193084648,50.65252854812398,rotationaug,mixup,1.0,1.0,,,,,mixup_alpha1.0_p1.0
rotationaug_mixup,3,3.836247420465972,33.524806996265106,2.650468208883726,61.058028431601024,rotationaug,mixup,1.0,1.0,,,,,mixup_alpha1.0_p1.0
rotationaug_mixup,4,3.47832117197533,39.22139633233187,2.0722242237887607,67.95618736891167,rotationaug,mixup,1.0,1.0,,,,,mixup_alpha1.0_p1.0
rotationaug_mixup,5,3.2375736339904204,42.71156751167121,1.6652320110556185,70.26334187835003,rotationaug,mixup,1.0,1.0,,,,,mixup_alpha1.0_p1.0
rotationaug_mixup,6,2.980538099005652,46.55802740610232,1.361755581981123,73.66581216499651,rotationaug,mixup,1.0,1.0,,,,,mixup_alpha1.0_p1.0
rotationaug_mixup,7,2.8640444800940768,47.75284597629889,1.2381596716098702,76.05453274295036,rotationaug,mixup,1.0,1.0,,,,,mixup_alpha1.0_p1.0
rotationaug_mixup,8,2.732360793225148,50.3995573366369,1.1029432755865658,77.95385690981124,rotationaug,mixup,1.0,1.0,,,,,mixup_alpha1.0_p1.0
rotationaug_mixup,9,2.6734567492142145,50.72738327890681,0.9626680477130556,79.03752039151713,rotationaug,mixup,1.0,1.0,,,,,mixup_alpha1.0_p1.0
rotationaug_mixup,10,2.603038535592635,52.21436385281466,0.9290952501917076,79.65509205313447,rotationaug,mixup,1.0,1.0,,,,,mixup_alpha1.0_p1.0
rotationaug_mixup,11,2.531131625890851,53.81084260582087,0.8657517089929316,80.6804940573293,rotationaug,mixup,1.0,1.0,,,,,mixup_alpha1.0_p1.0
rotationaug_mixup,12,2.506589675947197,53.70968108469295,0.830731734268817,81.26310883244,rotationaug,mixup,1.0,1.0,,,,,mixup_alpha1.0_p1.0
rotationaug_mixup,13,2.477457981941044,54.45766146659965,0.7989765911412333,81.14658587741785,rotationaug,mixup,1.0,1.0,,,,,mixup_alpha1.0_p1.0
rotationaug_mixup,14,2.426070532673179,55.10935838883107,0.7714017383759463,82.24190165462596,rotationaug,mixup,1.0,1.0,,,,,mixup_alpha1.0_p1.0
rotationaug_mixup,15,2.4429681404846315,54.434908874910505,0.7404210026156955,82.2768585411326,rotationaug,mixup,1.0,1.0,,,,,mixup_alpha1.0_p1.0
rotationaug_mixup,16,2.37087599339734,56.62477736552194,0.7225661369310173,82.33512001864368,rotationaug,mixup,1.0,1.0,,,,,mixup_alpha1.0_p1.0
rotationaug_mixup,17,2.340326498301551,57.40443888088856,0.700502064269174,83.23234677231414,rotationaug,mixup,1.0,1.0,,,,,mixup_alpha1.0_p1.0
rotationaug_mixup,18,2.304239546225297,58.13887910230493,0.6910242268434079,83.278955954323,rotationaug,mixup,1.0,1.0,,,,,mixup_alpha1.0_p1.0
rotationaug_mixup,19,2.3125709386483138,57.36107530312913,0.6906111670787782,82.96434397576323,rotationaug,mixup,1.0,1.0,,,,,mixup_alpha1.0_p1.0
rotationaug_mixup,20,2.276098709838512,58.45622467655533,0.6725994008830921,83.45374038685621,rotationaug,mixup,1.0,1.0,,,,,mixup_alpha1.0_p1.0
rotationaug_cutmix,1,4.693083505587571,3.988505551307871,4.345057626282855,18.597063621533444,rotationaug,cutmix,1.0,1.0,,,,,cutmix_alpha1.0_p1.0
rotationaug_cutmix,2,4.387367625776222,16.85230847892166,3.636141084563452,47.04031694243766,rotationaug,cutmix,1.0,1.0,,,,,cutmix_alpha1.0_p1.0
rotationaug_cutmix,3,4.042207177310491,27.220902543068373,2.9080743520194847,59.438359356793285,rotationaug,cutmix,1.0,1.0,,,,,cutmix_alpha1.0_p1.0
rotationaug_cutmix,4,3.740550364389243,32.30384240007264,2.3390224988964494,65.99860172453974,rotationaug,cutmix,1.0,1.0,,,,,cutmix_alpha1.0_p1.0
rotationaug_cutmix,5,3.474002496662448,36.71807692332226,1.863146491218519,68.900023304591,rotationaug,cutmix,1.0,1.0,,,,,cutmix_alpha1.0_p1.0
rotationaug_cutmix,6,3.252255844740018,39.43594426930421,1.5457576038231249,72.08109997669541,rotationaug,cutmix,1.0,1.0,,,,,cutmix_alpha1.0_p1.0
rotationaug_cutmix,7,3.104022285067493,40.862541084919314,1.3453316364886183,75.15730598927989,rotationaug,cutmix,1.0,1.0,,,,,cutmix_alpha1.0_p1.0
rotationaug_cutmix,8,2.969346741792221,43.34540201454702,1.2009523081851712,76.15940340247029,rotationaug,cutmix,1.0,1.0,,,,,cutmix_alpha1.0_p1.0
rotationaug_cutmix,9,2.874975308356116,44.48677112639522,1.0354631005592545,77.95385690981124,rotationaug,cutmix,1.0,1.0,,,,,cutmix_alpha1.0_p1.0
rotationaug_cutmix,10,2.8114964560600773,45.06993525812977,0.9810374483198754,79.00256350501049,rotationaug,cutmix,1.0,1.0,,,,,cutmix_alpha1.0_p1.0
rotationaug_cutmix,11,2.7255166119427496,47.16074131509165,0.916553516150132,79.89979025868097,rotationaug,cutmix,1.0,1.0,,,,,cutmix_alpha1.0_p1.0
rotationaug_cutmix,12,2.6758633197635624,47.51519641693046,0.8646974782514784,80.5989279888138,rotationaug,cutmix,1.0,1.0,,,,,cutmix_alpha1.0_p1.0
rotationaug_cutmix,13,2.640665612870165,47.79049158862785,0.8303103601424129,81.16989046842228,rotationaug,cutmix,1.0,1.0,,,,,cutmix_alpha1.0_p1.0
rotationaug_cutmix,14,2.5834825550005585,48.95016981465445,0.7918198471496056,81.23980424143556,rotationaug,cutmix,1.0,1.0,,,,,cutmix_alpha1.0_p1.0
rotationaug_cutmix,15,2.5576239757725427,48.92300356288123,0.7626531262326646,82.31181542763925,rotationaug,cutmix,1.0,1.0,,,,,cutmix_alpha1.0_p1.0
rotationaug_cutmix,16,2.540113436696847,49.52317583728876,0.7432841572470388,82.50990445117688,rotationaug,cutmix,1.0,1.0,,,,,cutmix_alpha1.0_p1.0
rotationaug_cutmix,17,2.4817893488404352,50.34144555289405,0.7134180566392782,82.9410393847588,rotationaug,cutmix,1.0,1.0,,,,,cutmix_alpha1.0_p1.0
rotationaug_cutmix,18,2.462611239579225,50.98775630334647,0.6998843492619282,83.3605220228385,rotationaug,cutmix,1.0,1.0,,,,,cutmix_alpha1.0_p1.0
rotationaug_cutmix,19,2.4198689535073905,51.25136382743213,0.699022764552309,83.45374038685621,rotationaug,cutmix,1.0,1.0,,,,,cutmix_alpha1.0_p1.0
rotationaug_cutmix,20,2.429200797125506,51.33283916127815,0.679291942213499,83.33721743183408,rotationaug,cutmix,1.0,1.0,,,,,cutmix_alpha1.0_p1.0
no_aug_mixup,1,4.649559810770056,5.753882412365895,4.226436265613393,24.609648100675837,none,mixup,1.0,1.0,,,,,mixup_alpha1.0_p1.0
no_aug_mixup,2,4.256231510315285,22.577586816788838,3.4252185249795337,51.46818923327896,none,mixup,1.0,1.0,,,,,mixup_alpha1.0_p1.0
no_aug_mixup,3,3.8165056676462426,34.12308250631392,2.6341020825914336,61.40759729666744,none,mixup,1.0,1.0,,,,,mixup_alpha1.0_p1.0
no_aug_mixup,4,3.453998336753839,39.63034214269968,2.0520291989623627,68.13097180144489,none,mixup,1.0,1.0,,,,,mixup_alpha1.0_p1.0
no_aug_mixup,5,3.2075686644744748,43.716353969749335,1.6451503103136655,70.75273828944302,none,mixup,1.0,1.0,,,,,mixup_alpha1.0_p1.0
no_aug_mixup,6,2.9508196228562764,47.3913432486929,1.3658873420916249,74.00372873456071,none,mixup,1.0,1.0,,,,,mixup_alpha1.0_p1.0
no_aug_mixup,7,2.831975841327476,48.8697769217239,1.2209347018659935,76.55558144954556,none,mixup,1.0,1.0,,,,,mixup_alpha1.0_p1.0
no_aug_mixup,8,2.698663020614863,51.37070358352901,1.090895408698935,78.14029363784665,none,mixup,1.0,1.0,,,,,mixup_alpha1.0_p1.0
no_aug_mixup,9,2.636477755713332,52.04293187349986,0.9685814288412044,79.11908646003262,none,mixup,1.0,1.0,,,,,mixup_alpha1.0_p1.0
no_aug_mixup,10,2.5685716271698524,53.56854430415414,0.925343443716192,80.02796550920532,none,mixup,1.0,1.0,,,,,mixup_alpha1.0_p1.0
no_aug_mixup,11,2.49896924198419,54.94758054551402,0.8600269958456755,80.58727569331158,none,mixup,1.0,1.0,,,,,mixup_alpha1.0_p1.0
no_aug_mixup,12,2.46404190821774,55.04293414363052,0.8256779765782726,81.28641342344442,none,mixup,1.0,1.0,,,,,mixup_alpha1.0_p1.0
no_aug_mixup,13,2.432281106129192,56.02906363974699,0.7943725359937134,81.21649965043113,none,mixup,1.0,1.0,,,,,mixup_alpha1.0_p1.0
no_aug_mixup,14,2.377967351952241,56.93443140123533,0.7645630235856464,82.37007690515031,none,mixup,1.0,1.0,,,,,mixup_alpha1.0_p1.0
no_aug_mixup,15,2.3878164105384343,56.73282564530106,0.7311246140565496,82.56816592868795,none,mixup,1.0,1.0,,,,,mixup_alpha1.0_p1.0
no_aug_mixup,16,2.3200746632393328,58.21646282853075,0.7177662993888704,82.84782102074108,none,mixup,1.0,1.0,,,,,mixup_alpha1.0_p1.0
no_aug_mixup,17,2.2839664347788995,58.99611784282028,0.6976259293061152,83.32556513633186,none,mixup,1.0,1.0,,,,,mixup_alpha1.0_p1.0
no_aug_mixup,18,2.2462156625325767,60.14566929227221,0.6889430735597963,83.29060824982521,none,mixup,1.0,1.0,,,,,mixup_alpha1.0_p1.0
no_aug_mixup,19,2.25095695252219,59.81222943533405,0.6838141297007796,83.05756233978094,none,mixup,1.0,1.0,,,,,mixup_alpha1.0_p1.0
no_aug_mixup,20,2.213363509473055,60.703655146710936,0.6697941522127653,83.2673036588208,none,mixup,1.0,1.0,,,,,mixup_alpha1.0_p1.0
no_aug_cutmix,1,4.688343958847522,4.108918337739537,4.327761554184618,20.496387788394312,none,cutmix,1.0,1.0,,,,,cutmix_alpha1.0_p1.0
no_aug_cutmix,2,4.374207700524932,17.722274204236,3.620853258551653,48.36867862969005,none,cutmix,1.0,1.0,,,,,cutmix_alpha1.0_p1.0
no_aug_cutmix,3,4.023059511844427,27.892734062182114,2.892182095238057,60.33558611046376,none,cutmix,1.0,1.0,,,,,cutmix_alpha1.0_p1.0
no_aug_cutmix,4,3.714934134129624,33.24765138099121,2.331386838473798,66.90748077371242,none,cutmix,1.0,1.0,,,,,cutmix_alpha1.0_p1.0
no_aug_cutmix,5,3.4468295657251216,37.57070660533131,1.8385343507463572,69.38941971568399,none,cutmix,1.0,1.0,,,,,cutmix_alpha1.0_p1.0
no_aug_cutmix,6,3.2179979159645606,40.47382236032743,1.5455965203467683,72.45397343276626,none,cutmix,1.0,1.0,,,,,cutmix_alpha1.0_p1.0
no_aug_cutmix,7,3.066647173444675,41.859411995961885,1.3368585927312508,75.48357026334187,none,cutmix,1.0,1.0,,,,,cutmix_alpha1.0_p1.0
no_aug_cutmix,8,2.931854704098416,44.73071624022793,1.190346311867251,76.49731997203449,none,cutmix,1.0,1.0,,,,,cutmix_alpha1.0_p1.0
no_aug_cutmix,9,2.835010754384484,45.55955834263196,1.0375234744427115,78.11698904684222,none,cutmix,1.0,1.0,,,,,cutmix_alpha1.0_p1.0
no_aug_cutmix,10,2.770300155898932,46.65538049522921,0.9659318707951076,79.42204614309018,none,cutmix,1.0,1.0,,,,,cutmix_alpha1.0_p1.0
no_aug_cutmix,11,2.682427742855214,48.16199935055077,0.9139536256224536,80.12118387322303,none,cutmix,1.0,1.0,,,,,cutmix_alpha1.0_p1.0
no_aug_cutmix,12,2.631371771778578,48.90296009687831,0.8676803815034241,80.773712421347,none,cutmix,1.0,1.0,,,,,cutmix_alpha1.0_p1.0
no_aug_cutmix,13,2.5877342208223872,49.52242302793442,0.8298104042163459,81.25145653693778,none,cutmix,1.0,1.0,,,,,cutmix_alpha1.0_p1.0
no_aug_cutmix,14,2.531114861038769,50.1171626832044,0.7911737046995188,81.67093917501748,none,cutmix,1.0,1.0,,,,,cutmix_alpha1.0_p1.0
no_aug_cutmix,15,2.4989360131548133,50.82737867557007,0.7608297851446263,82.32346772314146,none,cutmix,1.0,1.0,,,,,cutmix_alpha1.0_p1.0
no_aug_cutmix,16,2.4778890410231083,51.280964915815055,0.7383454730393475,82.80121183873223,none,cutmix,1.0,1.0,,,,,cutmix_alpha1.0_p1.0
no_aug_cutmix,17,2.418022884967268,52.03763549106612,0.716196002006753,83.278955954323,none,cutmix,1.0,1.0,,,,,cutmix_alpha1.0_p1.0
no_aug_cutmix,18,2.3988084996575254,52.62525368944353,0.7001785676925506,83.66348170589606,none,cutmix,1.0,1.0,,,,,cutmix_alpha1.0_p1.0
no_aug_cutmix,19,2.342926818979921,53.48264440890023,0.6945600644521462,83.43043579585178,none,cutmix,1.0,1.0,,,,,cutmix_alpha1.0_p1.0
no_aug_cutmix,20,2.359237930281477,53.38312756367127,0.6817486062663275,83.7800046609182,none,cutmix,1.0,1.0,,,,,cutmix_alpha1.0_p1.0
rotationaug_mixup_alpha0.2,1,4.539501560034404,10.950076175962666,4.0142943697413545,35.48123980424143,rotationaug,mixup,0.2,1.0,42.0,,,,mixup_alpha0.2_p1.0
rotationaug_mixup_alpha0.2,2,3.854046121043431,36.836507356659446,2.951876802062188,58.73922162666045,rotationaug,mixup,0.2,1.0,42.0,,,,mixup_alpha0.2_p1.0
rotationaug_mixup_alpha0.2,3,3.211154795702466,48.93011741507574,2.1339261886874046,67.24539734327662,rotationaug,mixup,0.2,1.0,42.0,,,,mixup_alpha0.2_p1.0
rotationaug_mixup_alpha0.2,4,2.6568071601748127,57.080609527955446,1.618194824580795,73.02493591237474,rotationaug,mixup,0.2,1.0,42.0,,,,mixup_alpha0.2_p1.0
rotationaug_mixup_alpha0.2,5,2.2995015270095167,61.77782434905319,1.2942345274881004,75.83313912840829,rotationaug,mixup,0.2,1.0,42.0,,,,mixup_alpha0.2_p1.0
rotationaug_mixup_alpha0.2,6,2.075697602321951,63.59931825845664,1.082395272373292,78.30342577487765,rotationaug,mixup,0.2,1.0,42.0,,,,mixup_alpha0.2_p1.0
rotationaug_mixup_alpha0.2,7,1.951660329152155,65.10896503278099,0.9470732389727664,80.14448846422745,rotationaug,mixup,0.2,1.0,42.0,,,,mixup_alpha0.2_p1.0
rotationaug_mixup_alpha0.2,8,1.7535604572749213,68.1662434775317,0.8554144104414402,80.80866930785365,rotationaug,mixup,0.2,1.0,42.0,,,,mixup_alpha0.2_p1.0
rotationaug_mixup_alpha0.2,9,1.7009979348755773,68.7352193706375,0.7755236526770182,81.83407131204848,rotationaug,mixup,0.2,1.0,42.0,,,,mixup_alpha0.2_p1.0
rotationaug_mixup_alpha0.2,10,1.6479102656689857,69.45622036546935,0.7399046932225793,82.1836401771149,rotationaug,mixup,0.2,1.0,42.0,,,,mixup_alpha0.2_p1.0
rotationaug_mixup_alpha0.2,11,1.5853736886661796,71.09119433819892,0.7080368138476425,82.49825215567466,rotationaug,mixup,0.2,1.0,42.0,,,,mixup_alpha0.2_p1.0
rotationaug_mixup_alpha0.2,12,1.5659746940502783,71.02679548615846,0.6813305575540365,82.91773479375436,rotationaug,mixup,0.2,1.0,42.0,,,,mixup_alpha0.2_p1.0
rotationaug_mixup_alpha0.2,13,1.4837463171626353,72.75469710602295,0.6606711410081517,82.82451642973666,rotationaug,mixup,0.2,1.0,42.0,,,,mixup_alpha0.2_p1.0
rotationaug_mixup_alpha0.2,14,1.431162132861555,73.48280074541326,0.6339983782049271,83.64017711489163,rotationaug,mixup,0.2,1.0,42.0,,,,mixup_alpha0.2_p1.0
rotationaug_mixup_alpha0.2,15,1.4139502801623298,73.89440157355264,0.6104218664493797,84.09461663947798,rotationaug,mixup,0.2,1.0,42.0,,,,mixup_alpha0.2_p1.0
rotationaug_mixup_alpha0.2,16,1.3778149974526992,74.96700202003282,0.6051368192758518,83.90817991144256,rotationaug,mixup,0.2,1.0,42.0,,,,mixup_alpha0.2_p1.0
rotationaug_mixup_alpha0.2,17,1.391520882511282,74.50554701111282,0.5890232714648792,84.70053600559311,rotationaug,mixup,0.2,1.0,42.0,,,,mixup_alpha0.2_p1.0
rotationaug_mixup_alpha0.2,18,1.2976273290513654,76.49188312009802,0.5877367863772327,84.51409927755768,rotationaug,mixup,0.2,1.0,42.0,,,,mixup_alpha0.2_p1.0
rotationaug_mixup_alpha0.2,19,1.3291656041089683,75.6941996535957,0.5829094111349887,84.35096714052668,rotationaug,mixup,0.2,1.0,42.0,,,,mixup_alpha0.2_p1.0
rotationaug_mixup_alpha0.2,20,1.253575333397991,77.48900824561655,0.567809359756724,84.52575157305989,rotationaug,mixup,0.2,1.0,42.0,,,,mixup_alpha0.2_p1.0
rotationaug_cutmix_alpha0.2,1,4.647592357127423,5.7965619296455895,4.237618812951306,24.493125145653693,rotationaug,cutmix,0.2,1.0,42.0,,,,cutmix_alpha0.2_p1.0
rotationaug_cutmix_alpha0.2,2,4.228953349071655,23.04190549482524,3.4135827637585523,52.34211139594501,rotationaug,cutmix,0.2,1.0,42.0,,,,cutmix_alpha0.2_p1.0
rotationaug_cutmix_alpha0.2,3,3.772473352156911,34.66158714590184,2.6264682345611456,63.458401305057095,rotationaug,cutmix,0.2,1.0,42.0,,,,cutmix_alpha0.2_p1.0
rotationaug_cutmix_alpha0.2,4,3.376681063608004,41.85396509138639,2.0645770463763458,69.24959216965742,rotationaug,cutmix,0.2,1.0,42.0,,,,cutmix_alpha0.2_p1.0
rotationaug_cutmix_alpha0.2,5,3.0656782657548893,45.82658257801685,1.636267004049733,72.01118620368213,rotationaug,cutmix,0.2,1.0,42.0,,,,cutmix_alpha0.2_p1.0
rotationaug_cutmix_alpha0.2,6,2.843947210040047,48.17161195525566,1.356215892347026,74.79608482871126,rotationaug,cutmix,0.2,1.0,42.0,,,,cutmix_alpha0.2_p1.0
rotationaug_cutmix_alpha0.2,7,2.6784539449252693,49.94499259256861,1.1674663256832114,77.28967606618504,rotationaug,cutmix,0.2,1.0,42.0,,,,cutmix_alpha0.2_p1.0
rotationaug_cutmix_alpha0.2,8,2.5687630875624503,51.06504318002829,1.040752388191401,78.46655791190865,rotationaug,cutmix,0.2,1.0,42.0,,,,cutmix_alpha0.2_p1.0
rotationaug_cutmix_alpha0.2,9,2.457536911006609,52.406785657409735,0.9250859670276772,79.86483337217432,rotationaug,cutmix,0.2,1.0,42.0,,,,cutmix_alpha0.2_p1.0
rotationaug_cutmix_alpha0.2,10,2.391873418430345,53.97098662117581,0.8870296358812164,80.3542297832673,rotationaug,cutmix,0.2,1.0,42.0,,,,cutmix_alpha0.2_p1.0
rotationaug_cutmix_alpha0.2,11,2.324767069332519,54.76711041976384,0.8188400159652237,81.49615474248426,rotationaug,cutmix,0.2,1.0,42.0,,,,cutmix_alpha0.2_p1.0
rotationaug_cutmix_alpha0.2,12,2.359032741088155,53.686318042803045,0.7874401519554697,81.89233278955955,rotationaug,cutmix,0.2,1.0,42.0,,,,cutmix_alpha0.2_p1.0
rotationaug_cutmix_alpha0.2,13,2.1531391827578066,58.34428289998798,0.7543141089433614,82.25355395012818,rotationaug,cutmix,0.2,1.0,42.0,,,,cutmix_alpha0.2_p1.0
rotationaug_cutmix_alpha0.2,14,2.113106163248735,58.140585678501694,0.717862542262863,82.61477511069681,rotationaug,cutmix,0.2,1.0,42.0,,,,cutmix_alpha0.2_p1.0
rotationaug_cutmix_alpha0.2,15,2.125416466823755,57.98521459837266,0.689292993239383,83.33721743183408,rotationaug,cutmix,0.2,1.0,42.0,,,,cutmix_alpha0.2_p1.0
rotationaug_cutmix_alpha0.2,16,2.11227807507433,58.24473499223722,0.680693116868134,83.72174318340713,rotationaug,cutmix,0.2,1.0,42.0,,,,cutmix_alpha0.2_p1.0
rotationaug_cutmix_alpha0.2,17,2.0948030621951013,58.38336603081802,0.6640860547943844,83.9431367979492,rotationaug,cutmix,0.2,1.0,42.0,,,,cutmix_alpha0.2_p1.0
rotationaug_cutmix_alpha0.2,18,2.0749207565954952,58.95368506225319,0.6434650881060963,84.11792123048241,rotationaug,cutmix,0.2,1.0,42.0,,,,cutmix_alpha0.2_p1.0
rotationaug_cutmix_alpha0.2,19,2.067834086210693,58.54735571495122,0.655689960091688,84.15287811698904,rotationaug,cutmix,0.2,1.0,42.0,,,,cutmix_alpha0.2_p1.0
rotationaug_cutmix_alpha0.2,20,1.9785323940648456,60.40925324421625,0.6303576403732651,84.24609648100676,rotationaug,cutmix,0.2,1.0,42.0,,,,cutmix_alpha0.2_p1.0
no_aug_mixup_alpha0.2,1,4.531619721083745,11.18607134489695,3.995337186674226,37.2873456070846,none,mixup,0.2,1.0,42.0,,,,mixup_alpha0.2_p1.0
no_aug_mixup_alpha0.2,2,3.833496763062768,38.14964925520169,2.94237257894784,59.38009787928222,none,mixup,0.2,1.0,42.0,,,,mixup_alpha0.2_p1.0
no_aug_mixup_alpha0.2,3,3.1839883325894407,49.53089320678846,2.1150442322104497,67.59496620834304,none,mixup,0.2,1.0,42.0,,,,mixup_alpha0.2_p1.0
no_aug_mixup_alpha0.2,4,2.620529446249744,58.46030593148816,1.606087079472654,73.77068282451643,none,mixup,0.2,1.0,42.0,,,,mixup_alpha0.2_p1.0
no_aug_mixup_alpha0.2,5,2.259402302269698,63.24218290644281,1.2812025467295436,76.45071079002564,none,mixup,0.2,1.0,42.0,,,,mixup_alpha0.2_p1.0
no_aug_mixup_alpha0.2,6,2.0315611514871885,65.64723072270192,1.091506142253449,78.12864134234444,none,mixup,0.2,1.0,42.0,,,,mixup_alpha0.2_p1.0
no_aug_mixup_alpha0.2,7,1.9072119122168325,66.41930187816311,0.94087370289036,80.19109764623632,none,mixup,0.2,1.0,42.0,,,,mixup_alpha0.2_p1.0
no_aug_mixup_alpha0.2,8,1.6982240700924431,70.3877712394886,0.8479319704604077,81.08832439990678,none,mixup,0.2,1.0,42.0,,,,mixup_alpha0.2_p1.0
no_aug_mixup_alpha0.2,9,1.6441464153880536,71.00085448464154,0.7752311185950361,82.03216033558611,none,mixup,0.2,1.0,42.0,,,,mixup_alpha0.2_p1.0
no_aug_mixup_alpha0.2,10,1.5852431436939465,71.7496937950912,0.7368297439664985,82.37007690515031,none,mixup,0.2,1.0,42.0,,,,mixup_alpha0.2_p1.0
no_aug_mixup_alpha0.2,11,1.5154671452009274,73.38754736315849,0.6997212170026598,82.55651363318574,none,mixup,0.2,1.0,42.0,,,,mixup_alpha0.2_p1.0
no_aug_mixup_alpha0.2,12,1.493450674936759,73.83293808161382,0.681170342866426,83.01095315777208,none,mixup,0.2,1.0,42.0,,,,mixup_alpha0.2_p1.0
no_aug_mixup_alpha0.2,13,1.402018213395298,75.66356923651217,0.6574406556193019,83.09251922628758,none,mixup,0.2,1.0,42.0,,,,mixup_alpha0.2_p1.0
no_aug_mixup_alpha0.2,14,1.3458345899742472,76.38715461708139,0.6335482589572328,83.65182941039384,none,mixup,0.2,1.0,42.0,,,,mixup_alpha0.2_p1.0
no_aug_mixup_alpha0.2,15,1.3258087279290274,77.20856730251101,0.6139484754158216,84.12957352598463,none,mixup,0.2,1.0,42.0,,,,mixup_alpha0.2_p1.0
no_aug_mixup_alpha0.2,16,1.2876502682435789,78.03865789678724,0.6105187721767505,83.75670006991378,none,mixup,0.2,1.0,42.0,,,,mixup_alpha0.2_p1.0
no_aug_mixup_alpha0.2,17,1.2947079935040469,78.05490758822467,0.5974983491421968,84.14122582148683,none,mixup,0.2,1.0,42.0,,,,mixup_alpha0.2_p1.0
no_aug_mixup_alpha0.2,18,1.1977109069684324,79.91570588939152,0.5950112551679925,84.05965975297134,none,mixup,0.2,1.0,42.0,,,,mixup_alpha0.2_p1.0
no_aug_mixup_alpha0.2,19,1.2283883087087382,79.30729966286137,0.5867795283853855,84.08296434397576,none,mixup,0.2,1.0,42.0,,,,mixup_alpha0.2_p1.0
no_aug_mixup_alpha0.2,20,1.146762395942384,81.32362533910647,0.5741856502392052,84.39757632253554,none,mixup,0.2,1.0,42.0,,,,mixup_alpha0.2_p1.0
no_aug_cutmix_alpha0.2,1,4.641815633530576,6.18226360297933,4.218015325511149,26.53227685854113,none,cutmix,0.2,1.0,42.0,,,,cutmix_alpha0.2_p1.0
no_aug_cutmix_alpha0.2,2,4.212396939688274,24.22965510461353,3.3942240883603403,53.22768585411326,none,cutmix,0.2,1.0,42.0,,,,cutmix_alpha0.2_p1.0
no_aug_cutmix_alpha0.2,3,3.7504466048557177,35.29849890877857,2.611315903533619,63.58657655558145,none,cutmix,0.2,1.0,42.0,,,,cutmix_alpha0.2_p1.0
no_aug_cutmix_alpha0.2,4,3.3467113349731417,42.5498104315749,2.042950703030393,69.61081333022605,none,cutmix,0.2,1.0,42.0,,,,cutmix_alpha0.2_p1.0
no_aug_cutmix_alpha0.2,5,3.03698338920185,46.97847889481372,1.6225706281653098,72.33745047774411,none,cutmix,0.2,1.0,42.0,,,,cutmix_alpha0.2_p1.0
no_aug_cutmix_alpha0.2,6,2.806500512632773,49.51994334169422,1.3595610358058865,74.91260778373339,none,cutmix,0.2,1.0,42.0,,,,cutmix_alpha0.2_p1.0
no_aug_cutmix_alpha0.2,7,2.6374838131629423,51.0690102129054,1.163626696062766,77.60428804474482,none,cutmix,0.2,1.0,42.0,,,,cutmix_alpha0.2_p1.0
no_aug_cutmix_alpha0.2,8,2.5229858714633235,52.31955545152508,1.03849398770329,78.80447448147285,none,cutmix,0.2,1.0,42.0,,,,cutmix_alpha0.2_p1.0
no_aug_cutmix_alpha0.2,9,2.4137487131707926,53.868229140974975,0.9241655618403792,80.29596830575623,none,cutmix,0.2,1.0,42.0,,,,cutmix_alpha0.2_p1.0
no_aug_cutmix_alpha0.2,10,2.345948191886545,55.29334774598913,0.8774919511137851,80.80866930785365,none,cutmix,0.2,1.0,42.0,,,,cutmix_alpha0.2_p1.0
no_aug_cutmix_alpha0.2,11,2.2773233447239427,56.263975477099095,0.8195931344175639,81.55441621999535,none,cutmix,0.2,1.0,42.0,,,,cutmix_alpha0.2_p1.0
no_aug_cutmix_alpha0.2,12,2.302461456429821,55.46697528350814,0.7897325675683654,82.12537869960383,none,cutmix,0.2,1.0,42.0,,,,cutmix_alpha0.2_p1.0
no_aug_cutmix_alpha0.2,13,2.092065123274517,60.23975602545157,0.7524318092493321,82.33512001864368,none,cutmix,0.2,1.0,42.0,,,,cutmix_alpha0.2_p1.0
no_aug_cutmix_alpha0.2,14,2.046753480526224,60.14150942142571,0.7147537172465745,83.06921463528315,none,cutmix,0.2,1.0,42.0,,,,cutmix_alpha0.2_p1.0
no_aug_cutmix_alpha0.2,15,2.053255808315668,60.2252612892965,0.6910720937348168,83.24399906781636,none,cutmix,0.2,1.0,42.0,,,,cutmix_alpha0.2_p1.0
no_aug_cutmix_alpha0.2,16,2.03809383758447,60.39244376879566,0.6894509445895851,83.67513400139828,none,cutmix,0.2,1.0,42.0,,,,cutmix_alpha0.2_p1.0
no_aug_cutmix_alpha0.2,17,2.021368789800029,60.63669834507914,0.6629619365720809,83.97809368445584,none,cutmix,0.2,1.0,42.0,,,,cutmix_alpha0.2_p1.0
no_aug_cutmix_alpha0.2,18,1.9974046672338408,61.18058699090161,0.6511931386799058,84.22279189000233,none,cutmix,0.2,1.0,42.0,,,,cutmix_alpha0.2_p1.0
no_aug_cutmix_alpha0.2,19,1.9760307791948837,61.10199050500759,0.6508281248428693,84.01305057096248,none,cutmix,0.2,1.0,42.0,,,,cutmix_alpha0.2_p1.0
no_aug_cutmix_alpha0.2,20,1.894188693531912,63.24544604160209,0.6398836794890771,84.43253320904218,none,cutmix,0.2,1.0,42.0,,,,cutmix_alpha0.2_p1.0
basic_mixup_alpha0.2,1,4.531906934276504,11.185943209951256,4.001888059841895,37.2873456070846,basic,mixup,0.2,1.0,42.0,,,,mixup_alpha0.2_p1.0
basic_mixup_alpha0.2,2,3.837752467573712,38.2266055521588,2.9501444330528828,59.22861803775344,basic,mixup,0.2,1.0,42.0,,,,mixup_alpha0.2_p1.0
basic_mixup_alpha0.2,3,3.190137582136047,49.27866686070865,2.120433641463497,67.51340013982755,basic,mixup,0.2,1.0,42.0,,,,mixup_alpha0.2_p1.0
basic_mixup_alpha0.2,4,2.633181851592575,57.9665062704995,1.6178485741011888,73.47937543696108,basic,mixup,0.2,1.0,42.0,,,,mixup_alpha0.2_p1.0
basic_mixup_alpha0.2,5,2.2727894883172515,62.74815795077108,1.2831344918142358,76.2642740619902,basic,mixup,0.2,1.0,42.0,,,,mixup_alpha0.2_p1.0
basic_mixup_alpha0.2,6,2.050284358397546,64.69190973866078,1.0902024864372577,78.2568165928688,basic,mixup,0.2,1.0,42.0,,,,mixup_alpha0.2_p1.0
basic_mixup_alpha0.2,7,1.9284783430070875,65.78985711963863,0.9431245198646532,80.13283616872523,basic,mixup,0.2,1.0,42.0,,,,mixup_alpha0.2_p1.0
basic_mixup_alpha0.2,8,1.7253902381132953,69.51907386026399,0.853130790534983,80.96014914938243,basic,mixup,0.2,1.0,42.0,,,,mixup_alpha0.2_p1.0
basic_mixup_alpha0.2,9,1.6723509189744337,69.9460986697884,0.7788113878896202,82.00885574458168,basic,mixup,0.2,1.0,42.0,,,,mixup_alpha0.2_p1.0
basic_mixup_alpha0.2,10,1.621203368823714,70.41619956987337,0.7414520919753577,82.39338149615475,basic,mixup,0.2,1.0,42.0,,,,mixup_alpha0.2_p1.0
basic_mixup_alpha0.2,11,1.5540060593617282,72.3266082341287,0.7050030023949987,82.6846888837101,basic,mixup,0.2,1.0,42.0,,,,mixup_alpha0.2_p1.0
basic_mixup_alpha0.2,12,1.5377271489752076,71.89918338375638,0.681373202559054,83.1041715217898,basic,mixup,0.2,1.0,42.0,,,,mixup_alpha0.2_p1.0
basic_mixup_alpha0.2,13,1.4510320183693877,73.89032539035809,0.6599460272237822,83.41878350034956,basic,mixup,0.2,1.0,42.0,,,,mixup_alpha0.2_p1.0
basic_mixup_alpha0.2,14,1.393124669844915,74.60237682046267,0.6290026255641276,83.74504777441156,basic,mixup,0.2,1.0,42.0,,,,mixup_alpha0.2_p1.0
basic_mixup_alpha0.2,15,1.3771654631042702,75.35741628426038,0.6115961060452311,84.17618270799348,basic,mixup,0.2,1.0,42.0,,,,mixup_alpha0.2_p1.0
basic_mixup_alpha0.2,16,1.3433219799798295,76.03446444076607,0.6069814748445665,84.09461663947798,basic,mixup,0.2,1.0,42.0,,,,mixup_alpha0.2_p1.0
basic_mixup_alpha0.2,17,1.3555185115224104,76.08432246131471,0.592479545012745,84.39757632253554,basic,mixup,0.2,1.0,42.0,,,,mixup_alpha0.2_p1.0
basic_mixup_alpha0.2,18,1.2570170750119602,77.99485135796002,0.5867735703587116,84.53740386856211,basic,mixup,0.2,1.0,42.0,,,,mixup_alpha0.2_p1.0
basic_mixup_alpha0.2,19,1.2883821480928768,77.0790059389986,0.5783345844328361,84.25774877650898,basic,mixup,0.2,1.0,42.0,,,,mixup_alpha0.2_p1.0
basic_mixup_alpha0.2,20,1.209535530118629,79.22278060396563,0.5674116345614272,84.45583780004661,basic,mixup,0.2,1.0,42.0,,,,mixup_alpha0.2_p1.0
basic_cutmix_alpha0.2,1,4.64204678755638,6.092498396310102,4.221425271706547,26.32253553950128,basic,cutmix,0.2,1.0,42.0,,,,cutmix_alpha0.2_p1.0
basic_cutmix_alpha0.2,2,4.216868916438568,23.69373972644461,3.3969650966975,53.32090421813097,basic,cutmix,0.2,1.0,42.0,,,,cutmix_alpha0.2_p1.0
basic_cutmix_alpha0.2,3,3.755602319631244,34.8669976232752,2.607593710398624,63.77301328361687,basic,cutmix,0.2,1.0,42.0,,,,cutmix_alpha0.2_p1.0
basic_cutmix_alpha0.2,4,3.3551896873126927,42.14434120052104,2.054790640677419,69.57585644371942,basic,cutmix,0.2,1.0,42.0,,,,cutmix_alpha0.2_p1.0
basic_cutmix_alpha0.2,5,3.0438432205834176,46.55013734883752,1.6199860036914873,72.34910277324633,basic,cutmix,0.2,1.0,42.0,,,,cutmix_alpha0.2_p1.0
basic_cutmix_alpha0.2,6,2.8197872180663697,49.08685404704989,1.3575452607540894,74.90095548823118,basic,cutmix,0.2,1.0,42.0,,,,cutmix_alpha0.2_p1.0
basic_cutmix_alpha0.2,7,2.652440823044533,50.474060594920566,1.1591301340235611,77.53437427173154,basic,cutmix,0.2,1.0,42.0,,,,cutmix_alpha0.2_p1.0
basic_cutmix_alpha0.2,8,2.5390677296294637,51.92281512134458,1.042519785507218,78.53647168492193,basic,cutmix,0.2,1.0,42.0,,,,cutmix_alpha0.2_p1.0
basic_cutmix_alpha0.2,9,2.4281453075637858,53.24240935617245,0.9210459295338168,80.16779305523188,basic,cutmix,0.2,1.0,42.0,,,,cutmix_alpha0.2_p1.0
basic_cutmix_alpha0.2,10,2.3669249720624297,54.29199369909868,0.8836115753281175,80.57562339780937,basic,cutmix,0.2,1.0,42.0,,,,cutmix_alpha0.2_p1.0
basic_cutmix_alpha0.2,11,2.298201030722298,55.751316459577886,0.8178896655766343,81.41458867396877,basic,cutmix,0.2,1.0,42.0,,,,cutmix_alpha0.2_p1.0
basic_cutmix_alpha0.2,12,2.329347976904588,54.49118203772687,0.7888270277878089,82.04381263108833,basic,cutmix,0.2,1.0,42.0,,,,cutmix_alpha0.2_p1.0
basic_cutmix_alpha0.2,13,2.1231650178939985,58.92716763513519,0.7528691073587462,82.45164297366581,basic,cutmix,0.2,1.0,42.0,,,,cutmix_alpha0.2_p1.0
basic_cutmix_alpha0.2,14,2.0817661123646163,59.19555646205704,0.7109211517974953,82.84782102074108,basic,cutmix,0.2,1.0,42.0,,,,cutmix_alpha0.2_p1.0
basic_cutmix_alpha0.2,15,2.0853852631151923,59.53545071606318,0.6894669324694411,83.5236541598695,basic,cutmix,0.2,1.0,42.0,,,,cutmix_alpha0.2_p1.0
basic_cutmix_alpha0.2,16,2.073083910629697,59.26949689186082,0.6808194176380075,83.605220228385,basic,cutmix,0.2,1.0,42.0,,,,cutmix_alpha0.2_p1.0
basic_cutmix_alpha0.2,17,2.0602846256513003,59.32753048658613,0.6612902393543312,84.19948729899791,basic,cutmix,0.2,1.0,42.0,,,,cutmix_alpha0.2_p1.0
basic_cutmix_alpha0.2,18,2.036203928144003,59.816099272550936,0.6461174713929086,84.26940107201119,basic,cutmix,0.2,1.0,42.0,,,,cutmix_alpha0.2_p1.0
basic_cutmix_alpha0.2,19,2.0248193872791664,59.537132078879694,0.6467587709135177,84.23444418550454,basic,cutmix,0.2,1.0,42.0,,,,cutmix_alpha0.2_p1.0
basic_cutmix_alpha0.2,20,1.9339109734508035,61.61088680463537,0.6291296187188347,84.39757632253554,basic,cutmix,0.2,1.0,42.0,,,,cutmix_alpha0.2_p1.0
morejitter_mixup_alpha0.2,1,4.534390306448932,11.109028945850458,4.006312626054364,37.13586576555581,morejitter,mixup,0.2,1.0,42.0,,,,mixup_alpha0.2_p1.0
morejitter_mixup_alpha0.2,2,3.841265440782044,37.85564757504998,2.9404252753394435,59.33348869727336,morejitter,mixup,0.2,1.0,42.0,,,,mixup_alpha0.2_p1.0
morejitter_mixup_alpha0.2,3,3.195005241444278,49.50926169397509,2.117315906434869,67.7347937543696,morejitter,mixup,0.2,1.0,42.0,,,,mixup_alpha0.2_p1.0
morejitter_mixup_alpha0.2,4,2.635853835117183,57.5926239468022,1.61654286175112,73.39780936844558,morejitter,mixup,0.2,1.0,42.0,,,,mixup_alpha0.2_p1.0
morejitter_mixup_alpha0.2,5,2.2779491764443143,62.60417551126076,1.2885815818335895,76.33418783500349,morejitter,mixup,0.2,1.0,42.0,,,,mixup_alpha0.2_p1.0
morejitter_mixup_alpha0.2,6,2.053403098039934,64.85684717845582,1.087983572810881,78.52481938941972,morejitter,mixup,0.2,1.0,42.0,,,,mixup_alpha0.2_p1.0
morejitter_mixup_alpha0.2,7,1.9351284492212568,65.36382829462575,0.9431582473425064,80.21440223724073,morejitter,mixup,0.2,1.0,42.0,,,,mixup_alpha0.2_p1.0
morejitter_mixup_alpha0.2,8,1.7293417415413823,69.27489784124654,0.8531869927560553,80.936844558378,morejitter,mixup,0.2,1.0,42.0,,,,mixup_alpha0.2_p1.0
morejitter_mixup_alpha0.2,9,1.6799062104160776,69.51866900514008,0.776235099551117,81.99720344907946,morejitter,mixup,0.2,1.0,42.0,,,,mixup_alpha0.2_p1.0
morejitter_mixup_alpha0.2,10,1.626338979794117,70.25421465790089,0.7384255441494739,82.48659986017245,morejitter,mixup,0.2,1.0,42.0,,,,mixup_alpha0.2_p1.0
morejitter_mixup_alpha0.2,11,1.5587844739736845,71.96759448751004,0.7091164571842762,82.70799347471451,morejitter,mixup,0.2,1.0,42.0,,,,mixup_alpha0.2_p1.0
morejitter_mixup_alpha0.2,12,1.54118364519786,71.84197643785598,0.6824645328093898,83.278955954323,morejitter,mixup,0.2,1.0,42.0,,,,mixup_alpha0.2_p1.0
morejitter_mixup_alpha0.2,13,1.4532973422450133,73.58631994597727,0.6561941062826233,83.30226054532743,morejitter,mixup,0.2,1.0,42.0,,,,mixup_alpha0.2_p1.0
morejitter_mixup_alpha0.2,14,1.4005185035213388,74.36698851321259,0.6296701732978652,83.47704497786064,morejitter,mixup,0.2,1.0,42.0,,,,mixup_alpha0.2_p1.0
morejitter_mixup_alpha0.2,15,1.3831390321383896,74.93160672329665,0.6128278972454712,84.22279189000233,morejitter,mixup,0.2,1.0,42.0,,,,mixup_alpha0.2_p1.0
morejitter_mixup_alpha0.2,16,1.345038452462805,75.60896198440616,0.6053026854658538,83.97809368445584,morejitter,mixup,0.2,1.0,42.0,,,,mixup_alpha0.2_p1.0
morejitter_mixup_alpha0.2,17,1.3594015149359584,75.75722355979956,0.5916152254695021,84.66557911908646,morejitter,mixup,0.2,1.0,42.0,,,,mixup_alpha0.2_p1.0
morejitter_mixup_alpha0.2,18,1.262304736546903,77.60656734973448,0.5848652553902837,84.31601025402004,morejitter,mixup,0.2,1.0,42.0,,,,mixup_alpha0.2_p1.0
morejitter_mixup_alpha0.2,19,1.2925275328567096,77.11157882896275,0.580587777883627,84.31601025402004,morejitter,mixup,0.2,1.0,42.0,,,,mixup_alpha0.2_p1.0
morejitter_mixup_alpha0.2,20,1.213230857175079,78.9476474175195,0.5688643259161476,84.38592402703333,morejitter,mixup,0.2,1.0,42.0,,,,mixup_alpha0.2_p1.0
morejitter_cutmix_alpha0.2,1,4.642682322702282,6.050824784041392,4.224905390084915,26.275926357492427,morejitter,cutmix,0.2,1.0,42.0,,,,cutmix_alpha0.2_p1.0
morejitter_cutmix_alpha0.2,2,4.218987459857417,23.471192205237877,3.397540937406815,53.32090421813097,morejitter,cutmix,0.2,1.0,42.0,,,,cutmix_alpha0.2_p1.0
morejitter_cutmix_alpha0.2,3,3.7589664154399296,35.09248977189224,2.6062342717191385,63.55161966907481,morejitter,cutmix,0.2,1.0,42.0,,,,cutmix_alpha0.2_p1.0
morejitter_cutmix_alpha0.2,4,3.3582626766990797,41.82197866709711,2.0550033041047926,69.62246562572827,morejitter,cutmix,0.2,1.0,42.0,,,,cutmix_alpha0.2_p1.0
morejitter_cutmix_alpha0.2,5,3.048316686505933,46.46093774584244,1.6326184578359724,72.45397343276626,morejitter,cutmix,0.2,1.0,42.0,,,,cutmix_alpha0.2_p1.0
morejitter_cutmix_alpha0.2,6,2.821760906738368,49.1556676657525,1.3567220642693918,75.00582614775111,morejitter,cutmix,0.2,1.0,42.0,,,,cutmix_alpha0.2_p1.0
morejitter_cutmix_alpha0.2,7,2.658038057015526,50.29907926299791,1.1637678603085848,77.60428804474482,morejitter,cutmix,0.2,1.0,42.0,,,,cutmix_alpha0.2_p1.0
morejitter_cutmix_alpha0.2,8,2.542231291726264,51.893771829477934,1.0395066126108004,78.68795152645072,morejitter,cutmix,0.2,1.0,42.0,,,,cutmix_alpha0.2_p1.0
morejitter_cutmix_alpha0.2,9,2.4338184120377258,53.1150938793796,0.9222431704037342,80.3542297832673,morejitter,cutmix,0.2,1.0,42.0,,,,cutmix_alpha0.2_p1.0
morejitter_cutmix_alpha0.2,10,2.3710138865025128,54.53950502299915,0.8807807655302247,80.90188767187136,morejitter,cutmix,0.2,1.0,42.0,,,,cutmix_alpha0.2_p1.0
morejitter_cutmix_alpha0.2,11,2.3076812679279963,55.41759467750367,0.8216507625424259,81.36797949195991,morejitter,cutmix,0.2,1.0,42.0,,,,cutmix_alpha0.2_p1.0
morejitter_cutmix_alpha0.2,12,2.3344915769640298,54.11278155202732,0.7941038174052473,82.04381263108833,morejitter,cutmix,0.2,1.0,42.0,,,,cutmix_alpha0.2_p1.0
morejitter_cutmix_alpha0.2,13,2.125476328188786,58.98623659188737,0.7555375776071978,82.38172920065253,morejitter,cutmix,0.2,1.0,42.0,,,,cutmix_alpha0.2_p1.0
morejitter_cutmix_alpha0.2,14,2.082835430899428,59.058979536555405,0.7113776599519099,82.96434397576323,morejitter,cutmix,0.2,1.0,42.0,,,,cutmix_alpha0.2_p1.0
morejitter_cutmix_alpha0.2,15,2.0914080202986867,59.02163241864714,0.6906341256669728,83.46539268235843,morejitter,cutmix,0.2,1.0,42.0,,,,cutmix_alpha0.2_p1.0
morejitter_cutmix_alpha0.2,16,2.080039432474446,58.8604001562441,0.6789346934059399,83.79165695642041,morejitter,cutmix,0.2,1.0,42.0,,,,cutmix_alpha0.2_p1.0
morejitter_cutmix_alpha0.2,17,2.0672074802956355,59.101166594038965,0.6613774956925658,84.21113959450011,morejitter,cutmix,0.2,1.0,42.0,,,,cutmix_alpha0.2_p1.0
morejitter_cutmix_alpha0.2,18,2.044662106492198,59.6556618452671,0.6483036283914984,84.21113959450011,morejitter,cutmix,0.2,1.0,42.0,,,,cutmix_alpha0.2_p1.0
morejitter_cutmix_alpha0.2,19,2.028274823713549,59.73715727839205,0.6526712126885781,84.05965975297134,morejitter,cutmix,0.2,1.0,42.0,,,,cutmix_alpha0.2_p1.0
morejitter_cutmix_alpha0.2,20,1.9415396250651509,61.78165808512726,0.6360565882216964,84.4441855045444,morejitter,cutmix,0.2,1.0,42.0,,,,cutmix_alpha0.2_p1.0
rotationaug_mixup_alpha0.2_p0.5,1,4.491268977500495,12.994365531479277,3.9318200891264055,38.67396877184805,rotationaug,mixup,0.2,0.5,42.0,372.0,750.0,0.496,mixup_alpha0.2_p0.5
rotationaug_mixup_alpha0.2_p0.5,2,3.691635005572256,42.10898404036064,2.8511925789893744,60.47541365649033,rotationaug,mixup,0.2,0.5,42.0,362.0,750.0,0.4826666666666667,mixup_alpha0.2_p0.5
rotationaug_mixup_alpha0.2_p0.5,3,2.927838650002521,55.56609308445206,2.02199223696616,68.96993707760429,rotationaug,mixup,0.2,0.5,42.0,362.0,750.0,0.4826666666666667,mixup_alpha0.2_p0.5
rotationaug_mixup_alpha0.2_p0.5,4,2.371488230847224,62.79409422174458,1.494940174817761,74.57469121416919,rotationaug,mixup,0.2,0.5,42.0,375.0,750.0,0.5,mixup_alpha0.2_p0.5
rotationaug_mixup_alpha0.2_p0.5,5,2.015548986779747,66.3616868925054,1.2074043387106543,76.7653227685854,rotationaug,mixup,0.2,0.5,42.0,363.0,750.0,0.484,mixup_alpha0.2_p0.5
rotationaug_mixup_alpha0.2_p0.5,6,1.7816568420894705,68.48901065672617,1.0012323662024003,78.92099743649499,rotationaug,mixup,0.2,0.5,42.0,390.0,750.0,0.52,mixup_alpha0.2_p0.5
rotationaug_mixup_alpha0.2_p0.5,7,1.56131381186908,71.8917937024958,0.8797063812373874,80.49405732929387,rotationaug,mixup,0.2,0.5,42.0,370.0,750.0,0.4933333333333333,mixup_alpha0.2_p0.5
rotationaug_mixup_alpha0.2_p0.5,8,1.455079670150313,72.37203337245043,0.7932778872745739,81.16989046842228,rotationaug,mixup,0.2,0.5,42.0,379.0,750.0,0.5053333333333333,mixup_alpha0.2_p0.5
rotationaug_mixup_alpha0.2_p0.5,9,1.3357646687862614,74.74137108839422,0.7224453150100903,82.32346772314146,rotationaug,mixup,0.2,0.5,42.0,374.0,750.0,0.4986666666666666,mixup_alpha0.2_p0.5
rotationaug_mixup_alpha0.2_p0.5,10,1.24674381549447,75.9485326567024,0.6887050911391762,82.66138429270566,rotationaug,mixup,0.2,0.5,42.0,391.0,750.0,0.5213333333333333,mixup_alpha0.2_p0.5
rotationaug_mixup_alpha0.2_p0.5,11,1.159522133383041,77.49411139054124,0.6587806907296875,82.89443020274994,rotationaug,mixup,0.2,0.5,42.0,363.0,750.0,0.484,mixup_alpha0.2_p0.5
rotationaug_mixup_alpha0.2_p0.5,12,1.1495558124002685,77.83808602351819,0.6362648484340722,83.442088091354,rotationaug,mixup,0.2,0.5,42.0,366.0,750.0,0.488,mixup_alpha0.2_p0.5
rotationaug_mixup_alpha0.2_p0.5,13,1.1192056857400945,78.26849209605577,0.6213457443669136,83.32556513633186,rotationaug,mixup,0.2,0.5,42.0,392.0,750.0,0.5226666666666666,mixup_alpha0.2_p0.5
rotationaug_mixup_alpha0.2_p0.5,14,1.1011598258142492,78.93982617825357,0.5931248048737565,83.90817991144256,rotationaug,mixup,0.2,0.5,42.0,382.0,750.0,0.5093333333333333,mixup_alpha0.2_p0.5
rotationaug_mixup_alpha0.2_p0.5,15,1.0153285116727282,80.58502630414236,0.578324829947279,84.29270566301561,rotationaug,mixup,0.2,0.5,42.0,389.0,750.0,0.5186666666666667,mixup_alpha0.2_p0.5
rotationaug_mixup_alpha0.2_p0.5,16,0.9564574089402416,81.36415186776898,0.5676152709549441,84.23444418550454,rotationaug,mixup,0.2,0.5,42.0,381.0,750.0,0.508,mixup_alpha0.2_p0.5
rotationaug_mixup_alpha0.2_p0.5,17,0.9380265714268144,81.92368127314761,0.558625511073255,84.65392682358424,rotationaug,mixup,0.2,0.5,42.0,348.0,750.0,0.464,mixup_alpha0.2_p0.5
rotationaug_mixup_alpha0.2_p0.5,18,0.9260431202794536,82.49331332445435,0.5520696041120624,84.67723141458868,rotationaug,mixup,0.2,0.5,42.0,378.0,750.0,0.504,mixup_alpha0.2_p0.5
rotationaug_mixup_alpha0.2_p0.5,19,0.94796885462339,81.88772882156117,0.5538139219704665,84.50244698205546,rotationaug,mixup,0.2,0.5,42.0,389.0,750.0,0.5186666666666667,mixup_alpha0.2_p0.5
rotationaug_mixup_alpha0.2_p0.5,20,0.8890054291000882,83.2482675756468,0.5444140469269496,84.65392682358424,rotationaug,mixup,0.2,0.5,42.0,364.0,750.0,0.4853333333333333,mixup_alpha0.2_p0.5
rotationaug_cutmix_alpha0.2_p0.5,1,4.557266365390834,9.92186416964477,4.056253665812059,34.08296434397576,rotationaug,cutmix,0.2,0.5,42.0,372.0,750.0,0.496,cutmix_alpha0.2_p0.5
rotationaug_cutmix_alpha0.2_p0.5,2,3.906165455754429,34.94239450330369,3.042329295924481,57.78373339547891,rotationaug,cutmix,0.2,0.5,42.0,362.0,750.0,0.4826666666666667,cutmix_alpha0.2_p0.5
rotationaug_cutmix_alpha0.2_p0.5,3,3.2533226312051355,48.07168664616936,2.204444137216309,67.01235143323235,rotationaug,cutmix,0.2,0.5,42.0,362.0,750.0,0.4826666666666667,cutmix_alpha0.2_p0.5
rotationaug_cutmix_alpha0.2_p0.5,4,2.74843173711414,54.70164590569517,1.6676371010609423,72.58214868329061,rotationaug,cutmix,0.2,0.5,42.0,375.0,750.0,0.5,cutmix_alpha0.2_p0.5
rotationaug_cutmix_alpha0.2_p0.5,5,2.37615766551499,59.43922699648494,1.3347546573397553,75.26217664879981,rotationaug,cutmix,0.2,0.5,42.0,363.0,750.0,0.484,cutmix_alpha0.2_p0.5
rotationaug_cutmix_alpha0.2_p0.5,6,2.175702801901691,60.581495924809744,1.0998652231107084,77.60428804474482,rotationaug,cutmix,0.2,0.5,42.0,390.0,750.0,0.52,cutmix_alpha0.2_p0.5
rotationaug_cutmix_alpha0.2_p0.5,7,1.9578209358923715,63.686733018162506,0.9619356194622616,79.74831041715218,rotationaug,cutmix,0.2,0.5,42.0,370.0,750.0,0.4933333333333333,cutmix_alpha0.2_p0.5
rotationaug_cutmix_alpha0.2_p0.5,8,1.8680594436803208,64.37173388379355,0.8651202912376189,80.71545094383593,rotationaug,cutmix,0.2,0.5,42.0,379.0,750.0,0.5053333333333333,cutmix_alpha0.2_p0.5
rotationaug_cutmix_alpha0.2_p0.5,9,1.7129318633463446,66.78880621924446,0.7770884424149365,81.8573759030529,rotationaug,cutmix,0.2,0.5,42.0,374.0,750.0,0.4986666666666666,cutmix_alpha0.2_p0.5
rotationaug_cutmix_alpha0.2_p0.5,10,1.6965207363649455,66.9924604183073,0.7430118634772451,82.24190165462596,rotationaug,cutmix,0.2,0.5,42.0,391.0,750.0,0.5213333333333333,cutmix_alpha0.2_p0.5
rotationaug_cutmix_alpha0.2_p0.5,11,1.5542348116154392,69.41877177765174,0.7035381211820001,82.78955954323001,rotationaug,cutmix,0.2,0.5,42.0,363.0,750.0,0.484,cutmix_alpha0.2_p0.5
rotationaug_cutmix_alpha0.2_p0.5,12,1.5382462433724229,70.20224465822957,0.6740107769956124,83.12747611279423,rotationaug,cutmix,0.2,0.5,42.0,366.0,750.0,0.488,cutmix_alpha0.2_p0.5
rotationaug_cutmix_alpha0.2_p0.5,13,1.512898322651239,70.16948682029486,0.6535385726382198,83.16243299930086,rotationaug,cutmix,0.2,0.5,42.0,392.0,750.0,0.5226666666666666,cutmix_alpha0.2_p0.5
rotationaug_cutmix_alpha0.2_p0.5,14,1.4687695964651717,70.4844913565526,0.6331067330713346,84.23444418550454,rotationaug,cutmix,0.2,0.5,42.0,382.0,750.0,0.5093333333333333,cutmix_alpha0.2_p0.5
rotationaug_cutmix_alpha0.2_p0.5,15,1.4508460210072711,70.95883533469436,0.6071644947540508,84.33931484502448,rotationaug,cutmix,0.2,0.5,42.0,389.0,750.0,0.5186666666666667,cutmix_alpha0.2_p0.5
rotationaug_cutmix_alpha0.2_p0.5,16,1.3907404047267635,72.46191854414083,0.5947007031547414,84.05965975297134,rotationaug,cutmix,0.2,0.5,42.0,381.0,750.0,0.508,cutmix_alpha0.2_p0.5
rotationaug_cutmix_alpha0.2_p0.5,17,1.3043403907962037,73.78830650133868,0.5844283889040639,84.61896993707761,rotationaug,cutmix,0.2,0.5,42.0,348.0,750.0,0.464,cutmix_alpha0.2_p0.5
rotationaug_cutmix_alpha0.2_p0.5,18,1.329522106205946,73.48670070915304,0.5726442660826454,84.60731764157539,rotationaug,cutmix,0.2,0.5,42.0,378.0,750.0,0.504,cutmix_alpha0.2_p0.5
rotationaug_cutmix_alpha0.2_p0.5,19,1.3291567865213287,73.16090136515099,0.5702440943703511,84.37427173153111,rotationaug,cutmix,0.2,0.5,42.0,389.0,750.0,0.5186666666666667,cutmix_alpha0.2_p0.5
rotationaug_cutmix_alpha0.2_p0.5,20,1.26354171250498,75.25886608758772,0.5599354065275781,84.56070845956654,rotationaug,cutmix,0.2,0.5,42.0,364.0,750.0,0.4853333333333333,cutmix_alpha0.2_p0.5
no_aug_mixup_alpha0.2_p0.5,1,4.483804207480854,13.186816330243406,3.9175194682177055,39.979025868096016,none,mixup,0.2,0.5,42.0,372.0,750.0,0.496,mixup_alpha0.2_p0.5
no_aug_mixup_alpha0.2_p0.5,2,3.668432440434243,43.27510262100555,2.8387634376911706,61.01141924959217,none,mixup,0.2,0.5,42.0,362.0,750.0,0.4826666666666667,mixup_alpha0.2_p0.5
no_aug_mixup_alpha0.2_p0.5,3,2.896264598615608,56.27891524701278,2.011749182845351,69.2379398741552,none,mixup,0.2,0.5,42.0,362.0,750.0,0.4826666666666667,mixup_alpha0.2_p0.5
no_aug_mixup_alpha0.2_p0.5,4,2.333196969762765,64.04648045474951,1.4911372195699226,75.14565369377767,none,mixup,0.2,0.5,42.0,375.0,750.0,0.5,mixup_alpha0.2_p0.5
no_aug_mixup_alpha0.2_p0.5,5,1.9719028405933343,67.80950831648092,1.2035459645059496,77.28967606618504,none,mixup,0.2,0.5,42.0,363.0,750.0,0.484,mixup_alpha0.2_p0.5
no_aug_mixup_alpha0.2_p0.5,6,1.7319278643913796,70.95611947380313,1.003770774309798,79.00256350501049,none,mixup,0.2,0.5,42.0,390.0,750.0,0.52,mixup_alpha0.2_p0.5
no_aug_mixup_alpha0.2_p0.5,7,1.5065237207598716,73.56359690130175,0.8723341878742306,80.84362619436028,none,mixup,0.2,0.5,42.0,370.0,750.0,0.4933333333333333,mixup_alpha0.2_p0.5
no_aug_mixup_alpha0.2_p0.5,8,1.388760267923148,75.28471841486162,0.7867809862308196,81.50780703798648,none,mixup,0.2,0.5,42.0,379.0,750.0,0.5053333333333333,mixup_alpha0.2_p0.5
no_aug_mixup_alpha0.2_p0.5,9,1.2657453991170922,77.00948242032209,0.7270005134346046,82.31181542763925,none,mixup,0.2,0.5,42.0,374.0,750.0,0.4986666666666666,mixup_alpha0.2_p0.5
no_aug_mixup_alpha0.2_p0.5,10,1.1739432223241792,78.62549251748328,0.688597207635023,83.01095315777208,none,mixup,0.2,0.5,42.0,391.0,750.0,0.5213333333333333,mixup_alpha0.2_p0.5
no_aug_mixup_alpha0.2_p0.5,11,1.0739156940933623,80.71836548630502,0.66087345175742,83.1041715217898,none,mixup,0.2,0.5,42.0,363.0,750.0,0.484,mixup_alpha0.2_p0.5
no_aug_mixup_alpha0.2_p0.5,12,1.059427331876588,81.28943256804841,0.6424019637154521,83.22069447681193,none,mixup,0.2,0.5,42.0,366.0,750.0,0.488,mixup_alpha0.2_p0.5
no_aug_mixup_alpha0.2_p0.5,13,1.022980412923807,81.8854291879365,0.6214316869582143,83.32556513633186,none,mixup,0.2,0.5,42.0,392.0,750.0,0.5226666666666666,mixup_alpha0.2_p0.5
no_aug_mixup_alpha0.2_p0.5,14,0.9933397024050218,82.37866408949311,0.5972528561265616,83.76835236541599,none,mixup,0.2,0.5,42.0,382.0,750.0,0.5093333333333333,mixup_alpha0.2_p0.5
no_aug_mixup_alpha0.2_p0.5,15,0.9046778480973636,84.40437619974537,0.5848447719992138,84.15287811698904,none,mixup,0.2,0.5,42.0,389.0,750.0,0.5186666666666667,mixup_alpha0.2_p0.5
no_aug_mixup_alpha0.2_p0.5,16,0.8432963465646737,85.3465203535145,0.5780450723521834,83.93148450244698,none,mixup,0.2,0.5,42.0,381.0,750.0,0.508,mixup_alpha0.2_p0.5
no_aug_mixup_alpha0.2_p0.5,17,0.820387401060574,86.0985310538988,0.5666819604522169,84.11792123048241,none,mixup,0.2,0.5,42.0,348.0,750.0,0.464,mixup_alpha0.2_p0.5
no_aug_mixup_alpha0.2_p0.5,18,0.808398423899927,86.4672803585432,0.5615328645003311,84.11792123048241,none,mixup,0.2,0.5,42.0,378.0,750.0,0.504,mixup_alpha0.2_p0.5
no_aug_mixup_alpha0.2_p0.5,19,0.825071454122675,86.13950898493908,0.5661433630752497,84.12957352598463,none,mixup,0.2,0.5,42.0,389.0,750.0,0.5186666666666667,mixup_alpha0.2_p0.5
no_aug_mixup_alpha0.2_p0.5,20,0.7612307702209338,87.81734784788179,0.5562516454701878,84.30435795851783,none,mixup,0.2,0.5,42.0,364.0,750.0,0.4853333333333333,mixup_alpha0.2_p0.5
no_aug_cutmix_alpha0.2_p0.5,1,4.549855134391371,10.058596407755893,4.038398087538642,35.69098112328129,none,cutmix,0.2,0.5,42.0,372.0,750.0,0.496,cutmix_alpha0.2_p0.5
no_aug_cutmix_alpha0.2_p0.5,2,3.885046229201131,36.08840505358461,3.0269129318503114,58.273129806571895,none,cutmix,0.2,0.5,42.0,362.0,750.0,0.4826666666666667,cutmix_alpha0.2_p0.5
no_aug_cutmix_alpha0.2_p0.5,3,3.224848315763084,48.77593996320817,2.2003932156448345,67.19878816126777,none,cutmix,0.2,0.5,42.0,362.0,750.0,0.4826666666666667,cutmix_alpha0.2_p0.5
no_aug_cutmix_alpha0.2_p0.5,4,2.7139043184812315,55.648455659117104,1.6622088191893185,73.09484968538803,none,cutmix,0.2,0.5,42.0,375.0,750.0,0.5,cutmix_alpha0.2_p0.5
no_aug_cutmix_alpha0.2_p0.5,5,2.3368184931736464,60.68469060585355,1.3295891763613348,75.70496387788394,none,cutmix,0.2,0.5,42.0,363.0,750.0,0.484,cutmix_alpha0.2_p0.5
no_aug_cutmix_alpha0.2_p0.5,6,2.131023150242295,62.3880553221455,1.103786532124893,77.48776508972267,none,cutmix,0.2,0.5,42.0,390.0,750.0,0.52,cutmix_alpha0.2_p0.5
no_aug_cutmix_alpha0.2_p0.5,7,1.9085873726865292,65.27269535489118,0.9542745008276382,80.13283616872523,none,cutmix,0.2,0.5,42.0,370.0,750.0,0.4933333333333333,cutmix_alpha0.2_p0.5
no_aug_cutmix_alpha0.2_p0.5,8,1.8130812268194347,66.51176755968685,0.8653795854163542,80.773712421347,none,cutmix,0.2,0.5,42.0,379.0,750.0,0.5053333333333333,cutmix_alpha0.2_p0.5
no_aug_cutmix_alpha0.2_p0.5,9,1.6509840042914206,69.14024095427473,0.7807881215657145,81.84572360755068,none,cutmix,0.2,0.5,42.0,374.0,750.0,0.4986666666666666,cutmix_alpha0.2_p0.5
no_aug_cutmix_alpha0.2_p0.5,10,1.632680893023822,69.65175829953374,0.7425550511599531,82.48659986017245,none,cutmix,0.2,0.5,42.0,391.0,750.0,0.5213333333333333,cutmix_alpha0.2_p0.5
no_aug_cutmix_alpha0.2_p0.5,11,1.4815889647114693,72.04032969142818,0.7010017870412065,83.03425774877651,none,cutmix,0.2,0.5,42.0,363.0,750.0,0.484,cutmix_alpha0.2_p0.5
no_aug_cutmix_alpha0.2_p0.5,12,1.4634143875964305,72.73587188133607,0.6769274457493909,83.24399906781636,none,cutmix,0.2,0.5,42.0,366.0,750.0,0.488,cutmix_alpha0.2_p0.5
no_aug_cutmix_alpha0.2_p0.5,13,1.4288586933208636,72.89529022534794,0.6528595830004578,83.24399906781636,none,cutmix,0.2,0.5,42.0,392.0,750.0,0.5226666666666666,cutmix_alpha0.2_p0.5
no_aug_cutmix_alpha0.2_p0.5,14,1.3718550556161877,73.76307891637343,0.6278287349978517,83.90817991144256,none,cutmix,0.2,0.5,42.0,382.0,750.0,0.5093333333333333,cutmix_alpha0.2_p0.5
no_aug_cutmix_alpha0.2_p0.5,15,1.3544217668874876,74.20558098570204,0.6133319365689316,83.97809368445584,none,cutmix,0.2,0.5,42.0,389.0,750.0,0.5186666666666667,cutmix_alpha0.2_p0.5
no_aug_cutmix_alpha0.2_p0.5,16,1.295797040560262,75.00432367049486,0.6008571330913711,84.08296434397576,none,cutmix,0.2,0.5,42.0,381.0,750.0,0.508,cutmix_alpha0.2_p0.5
no_aug_cutmix_alpha0.2_p0.5,17,1.1968920781008698,77.17144536047248,0.5881794609964602,84.25774877650898,none,cutmix,0.2,0.5,42.0,348.0,750.0,0.464,cutmix_alpha0.2_p0.5
no_aug_cutmix_alpha0.2_p0.5,18,1.2223139377331054,77.03322627405376,0.5803367875167413,84.49079468655326,none,cutmix,0.2,0.5,42.0,378.0,750.0,0.504,cutmix_alpha0.2_p0.5
no_aug_cutmix_alpha0.2_p0.5,19,1.218340023077812,77.12278616908087,0.5789612999567477,84.46749009554883,none,cutmix,0.2,0.5,42.0,389.0,750.0,0.5186666666666667,cutmix_alpha0.2_p0.5
no_aug_cutmix_alpha0.2_p0.5,20,1.146123016560191,78.88746547973768,0.5678653967419417,84.42088091353996,none,cutmix,0.2,0.5,42.0,364.0,750.0,0.4853333333333333,cutmix_alpha0.2_p0.5
basic_mixup_alpha0.2_p0.5,1,4.483383998769107,13.525397070454469,3.920655147147551,39.86250291307388,basic,mixup,0.2,0.5,42.0,372.0,750.0,0.496,mixup_alpha0.2_p0.5
basic_mixup_alpha0.2_p0.5,2,3.6719204046106633,42.82875575851014,2.838471639964776,60.73176415753903,basic,mixup,0.2,0.5,42.0,362.0,750.0,0.4826666666666667,mixup_alpha0.2_p0.5
basic_mixup_alpha0.2_p0.5,3,2.9036995688166733,55.85962967657786,2.0144167293120976,69.33115823817292,basic,mixup,0.2,0.5,42.0,362.0,750.0,0.4826666666666667,mixup_alpha0.2_p0.5
basic_mixup_alpha0.2_p0.5,4,2.345018251197778,63.5620421218928,1.4901161040495223,75.06408762526218,basic,mixup,0.2,0.5,42.0,375.0,750.0,0.5,mixup_alpha0.2_p0.5
basic_mixup_alpha0.2_p0.5,5,1.987655803270589,67.27557993509465,1.202874064501058,77.35958983919832,basic,mixup,0.2,0.5,42.0,363.0,750.0,0.484,mixup_alpha0.2_p0.5
basic_mixup_alpha0.2_p0.5,6,1.7530421780276089,70.15482757969485,1.0043157644967493,79.10743416453042,basic,mixup,0.2,0.5,42.0,390.0,750.0,0.52,mixup_alpha0.2_p0.5
basic_mixup_alpha0.2_p0.5,7,1.5359917918450237,72.53955849528987,0.871315158474726,80.84362619436028,basic,mixup,0.2,0.5,42.0,370.0,750.0,0.4933333333333333,mixup_alpha0.2_p0.5
basic_mixup_alpha0.2_p0.5,8,1.4218617753399116,74.01712212142843,0.7854223449700808,81.57772081099976,basic,mixup,0.2,0.5,42.0,379.0,750.0,0.5053333333333333,mixup_alpha0.2_p0.5
basic_mixup_alpha0.2_p0.5,9,1.3029236510150093,75.89224157672042,0.7248115864035634,82.41668608715916,basic,mixup,0.2,0.5,42.0,374.0,750.0,0.4986666666666666,mixup_alpha0.2_p0.5
basic_mixup_alpha0.2_p0.5,10,1.2168836963834475,77.00761835014383,0.6925712184065901,82.99930086226986,basic,mixup,0.2,0.5,42.0,391.0,750.0,0.5213333333333333,mixup_alpha0.2_p0.5
basic_mixup_alpha0.2_p0.5,11,1.122114268943337,79.14515724256616,0.655496852071767,83.09251922628758,basic,mixup,0.2,0.5,42.0,363.0,750.0,0.484,mixup_alpha0.2_p0.5
basic_mixup_alpha0.2_p0.5,12,1.113095968281116,78.93777646192775,0.6398045866257714,83.37217431834071,basic,mixup,0.2,0.5,42.0,366.0,750.0,0.488,mixup_alpha0.2_p0.5
basic_mixup_alpha0.2_p0.5,13,1.0815936901367074,79.6983581790542,0.6212693118487891,83.605220228385,basic,mixup,0.2,0.5,42.0,392.0,750.0,0.5226666666666666,mixup_alpha0.2_p0.5
basic_mixup_alpha0.2_p0.5,14,1.0566933668142635,79.92596154133724,0.5937934677255262,83.95478909345141,basic,mixup,0.2,0.5,42.0,382.0,750.0,0.5093333333333333,mixup_alpha0.2_p0.5
basic_mixup_alpha0.2_p0.5,15,0.969515985027912,82.08431443085612,0.5806314324518651,84.50244698205546,basic,mixup,0.2,0.5,42.0,389.0,750.0,0.5186666666666667,mixup_alpha0.2_p0.5
basic_mixup_alpha0.2_p0.5,16,0.9127561761888192,82.70863044074115,0.5720295693748788,84.23444418550454,basic,mixup,0.2,0.5,42.0,381.0,750.0,0.508,mixup_alpha0.2_p0.5
basic_mixup_alpha0.2_p0.5,17,0.8931725726443185,83.61386912138327,0.5613613021704346,84.45583780004661,basic,mixup,0.2,0.5,42.0,348.0,750.0,0.464,mixup_alpha0.2_p0.5
basic_mixup_alpha0.2_p0.5,18,0.8810459403797753,84.04555630692552,0.550760694447166,84.53740386856211,basic,mixup,0.2,0.5,42.0,378.0,750.0,0.504,mixup_alpha0.2_p0.5
basic_mixup_alpha0.2_p0.5,19,0.8938270275206104,83.89578769447724,0.5520468397216624,84.39757632253554,basic,mixup,0.2,0.5,42.0,389.0,750.0,0.5186666666666667,mixup_alpha0.2_p0.5
basic_mixup_alpha0.2_p0.5,20,0.8366723168907731,85.20482649459403,0.5458125162099631,84.60731764157539,basic,mixup,0.2,0.5,42.0,364.0,750.0,0.4853333333333333,mixup_alpha0.2_p0.5
basic_cutmix_alpha0.2_p0.5,1,4.550608975467214,10.112926585765996,4.040609164105738,35.69098112328129,basic,cutmix,0.2,0.5,42.0,372.0,750.0,0.496,cutmix_alpha0.2_p0.5
basic_cutmix_alpha0.2_p0.5,2,3.8891579336197215,35.8413673085608,3.0264561149630063,58.13330226054533,basic,cutmix,0.2,0.5,42.0,362.0,750.0,0.4826666666666667,cutmix_alpha0.2_p0.5
basic_cutmix_alpha0.2_p0.5,3,3.231531753005892,48.26325602922554,2.1973614909937265,67.3968771848054,basic,cutmix,0.2,0.5,42.0,362.0,750.0,0.4826666666666667,cutmix_alpha0.2_p0.5
basic_cutmix_alpha0.2_p0.5,4,2.723149880386825,55.51749889065271,1.6607722870760713,72.88510836634818,basic,cutmix,0.2,0.5,42.0,375.0,750.0,0.5,cutmix_alpha0.2_p0.5
basic_cutmix_alpha0.2_p0.5,5,2.349913016798735,60.17235317679439,1.330833301069686,75.57678862735959,basic,cutmix,0.2,0.5,42.0,363.0,750.0,0.484,cutmix_alpha0.2_p0.5
basic_cutmix_alpha0.2_p0.5,6,2.1479634495452355,61.511418463451385,1.09880043920785,77.81402936378467,basic,cutmix,0.2,0.5,42.0,390.0,750.0,0.52,cutmix_alpha0.2_p0.5
basic_cutmix_alpha0.2_p0.5,7,1.932148244504552,64.71564699691662,0.9511104878693633,80.10953157772082,basic,cutmix,0.2,0.5,42.0,370.0,750.0,0.4933333333333333,cutmix_alpha0.2_p0.5
basic_cutmix_alpha0.2_p0.5,8,1.8383736141444564,65.6724892804732,0.864185289982676,80.91353996737357,basic,cutmix,0.2,0.5,42.0,379.0,750.0,0.5053333333333333,cutmix_alpha0.2_p0.5
basic_cutmix_alpha0.2_p0.5,9,1.6803032763700998,68.05195038352478,0.7777861014192573,82.1020741085994,basic,cutmix,0.2,0.5,42.0,374.0,750.0,0.4986666666666666,cutmix_alpha0.2_p0.5
basic_cutmix_alpha0.2_p0.5,10,1.6682135955078004,68.27108883448048,0.7448781798892131,82.69634117921231,basic,cutmix,0.2,0.5,42.0,391.0,750.0,0.5213333333333333,cutmix_alpha0.2_p0.5
basic_cutmix_alpha0.2_p0.5,11,1.5190344705027647,70.8535285682712,0.6997159106751973,83.08086693078536,basic,cutmix,0.2,0.5,42.0,363.0,750.0,0.484,cutmix_alpha0.2_p0.5
basic_cutmix_alpha0.2_p0.5,12,1.5067147525236355,70.95702855902215,0.6779090294719048,83.22069447681193,basic,cutmix,0.2,0.5,42.0,366.0,750.0,0.488,cutmix_alpha0.2_p0.5
basic_cutmix_alpha0.2_p0.5,13,1.478993608288257,71.26168993992619,0.6533207048266342,83.48869727336285,basic,cutmix,0.2,0.5,42.0,392.0,750.0,0.5226666666666666,cutmix_alpha0.2_p0.5
basic_cutmix_alpha0.2_p0.5,14,1.423983875046692,71.69366281098935,0.6270547049413941,83.83826613842928,basic,cutmix,0.2,0.5,42.0,382.0,750.0,0.5093333333333333,cutmix_alpha0.2_p0.5
basic_cutmix_alpha0.2_p0.5,15,1.403740208016612,72.48211815330185,0.6082047532694347,84.22279189000233,basic,cutmix,0.2,0.5,42.0,389.0,750.0,0.5186666666666667,cutmix_alpha0.2_p0.5
basic_cutmix_alpha0.2_p0.5,16,1.3537317054691782,73.0372163828963,0.5972541593860785,84.08296434397576,basic,cutmix,0.2,0.5,42.0,381.0,750.0,0.508,cutmix_alpha0.2_p0.5
basic_cutmix_alpha0.2_p0.5,17,1.25842107101408,75.09673816145167,0.5840411664055545,84.65392682358424,basic,cutmix,0.2,0.5,42.0,348.0,750.0,0.464,cutmix_alpha0.2_p0.5
basic_cutmix_alpha0.2_p0.5,18,1.2874282524374687,74.79817450309528,0.5756658414490321,84.80540666511303,basic,cutmix,0.2,0.5,42.0,378.0,750.0,0.504,cutmix_alpha0.2_p0.5
basic_cutmix_alpha0.2_p0.5,19,1.2817389908522878,74.92438451954996,0.5711849178989515,84.67723141458868,basic,cutmix,0.2,0.5,42.0,389.0,750.0,0.5186666666666667,cutmix_alpha0.2_p0.5
basic_cutmix_alpha0.2_p0.5,20,1.2140929428194538,76.61256913088829,0.5577629035904368,84.68888371009089,basic,cutmix,0.2,0.5,42.0,364.0,750.0,0.4853333333333333,cutmix_alpha0.2_p0.5
morejitter_mixup_alpha0.2_p0.5,1,4.4858999328626,13.132123630353744,3.9240527420826266,39.74597995805173,morejitter,mixup,0.2,0.5,42.0,372.0,750.0,0.496,mixup_alpha0.2_p0.5
morejitter_mixup_alpha0.2_p0.5,2,3.677961111863586,42.90013062108339,2.8417731584354704,60.73176415753903,morejitter,mixup,0.2,0.5,42.0,362.0,750.0,0.4826666666666667,mixup_alpha0.2_p0.5
morejitter_mixup_alpha0.2_p0.5,3,2.9104464356154875,55.893189320803465,2.014896738365296,69.28454905616407,morejitter,mixup,0.2,0.5,42.0,362.0,750.0,0.4826666666666667,mixup_alpha0.2_p0.5
morejitter_mixup_alpha0.2_p0.5,4,2.3502563512569705,63.45333228913932,1.4946752218232235,75.08739221626661,morejitter,mixup,0.2,0.5,42.0,375.0,750.0,0.5,mixup_alpha0.2_p0.5
morejitter_mixup_alpha0.2_p0.5,5,1.9934677152082036,67.16144907574404,1.2089759243643108,77.4295036122116,morejitter,mixup,0.2,0.5,42.0,363.0,750.0,0.484,mixup_alpha0.2_p0.5
morejitter_mixup_alpha0.2_p0.5,6,1.7579234446619207,69.99649707169245,1.002450503202286,79.22395711955255,morejitter,mixup,0.2,0.5,42.0,390.0,750.0,0.52,mixup_alpha0.2_p0.5
morejitter_mixup_alpha0.2_p0.5,7,1.541315761302427,72.34211409193298,0.8758357460197106,80.66884176182708,morejitter,mixup,0.2,0.5,42.0,370.0,750.0,0.4933333333333333,mixup_alpha0.2_p0.5
morejitter_mixup_alpha0.2_p0.5,8,1.4268782312104178,73.62711839723688,0.7886476915662202,81.4378932649732,morejitter,mixup,0.2,0.5,42.0,379.0,750.0,0.5053333333333333,mixup_alpha0.2_p0.5
morejitter_mixup_alpha0.2_p0.5,9,1.3115408970209177,75.46075893579567,0.7294301028102741,82.21859706362153,morejitter,mixup,0.2,0.5,42.0,374.0,750.0,0.4986666666666666,mixup_alpha0.2_p0.5
morejitter_mixup_alpha0.2_p0.5,10,1.2196228833452107,76.93778399938239,0.6893459275118318,82.96434397576323,morejitter,mixup,0.2,0.5,42.0,391.0,750.0,0.5213333333333333,mixup_alpha0.2_p0.5
morejitter_mixup_alpha0.2_p0.5,11,1.1281161291397777,78.88092414435344,0.6594003914981087,83.25565136331858,morejitter,mixup,0.2,0.5,42.0,363.0,750.0,0.484,mixup_alpha0.2_p0.5
morejitter_mixup_alpha0.2_p0.5,12,1.1214853509661953,78.81396553674438,0.6373018095943929,83.47704497786064,morejitter,mixup,0.2,0.5,42.0,366.0,750.0,0.488,mixup_alpha0.2_p0.5
morejitter_mixup_alpha0.2_p0.5,13,1.0874820334809208,79.63877700211746,0.6205529566620702,83.34886972733628,morejitter,mixup,0.2,0.5,42.0,392.0,750.0,0.5226666666666666,mixup_alpha0.2_p0.5
morejitter_mixup_alpha0.2_p0.5,14,1.0598572864693827,80.10887391300444,0.5928307783906483,83.9431367979492,morejitter,mixup,0.2,0.5,42.0,382.0,750.0,0.5093333333333333,mixup_alpha0.2_p0.5
morejitter_mixup_alpha0.2_p0.5,15,0.9736090064406454,82.15203239230405,0.5815744618732205,84.4441855045444,morejitter,mixup,0.2,0.5,42.0,389.0,750.0,0.5186666666666667,mixup_alpha0.2_p0.5
morejitter_mixup_alpha0.2_p0.5,16,0.9203334151257831,82.49859496422984,0.5714740507796049,84.14122582148683,morejitter,mixup,0.2,0.5,42.0,381.0,750.0,0.508,mixup_alpha0.2_p0.5
morejitter_mixup_alpha0.2_p0.5,17,0.897125137380847,83.49841540230584,0.5598850474508179,84.50244698205546,morejitter,mixup,0.2,0.5,42.0,348.0,750.0,0.464,mixup_alpha0.2_p0.5
morejitter_mixup_alpha0.2_p0.5,18,0.8853180811273632,83.81703623082926,0.5489164068201043,84.53740386856211,morejitter,mixup,0.2,0.5,42.0,378.0,750.0,0.504,mixup_alpha0.2_p0.5
morejitter_mixup_alpha0.2_p0.5,19,0.8984025093163425,83.46039276669114,0.5522647659085731,84.50244698205546,morejitter,mixup,0.2,0.5,42.0,389.0,750.0,0.5186666666666667,mixup_alpha0.2_p0.5
morejitter_mixup_alpha0.2_p0.5,20,0.8405618695025247,85.05460544901334,0.5467012483071847,84.54905616406433,morejitter,mixup,0.2,0.5,42.0,364.0,750.0,0.4853333333333333,mixup_alpha0.2_p0.5
morejitter_cutmix_alpha0.2_p0.5,1,4.55207209730967,9.9818238068377,4.042686174310912,35.60941505476579,morejitter,cutmix,0.2,0.5,42.0,372.0,750.0,0.496,cutmix_alpha0.2_p0.5
morejitter_cutmix_alpha0.2_p0.5,2,3.892934539433737,35.84703447465521,3.027361331356069,58.43626194360289,morejitter,cutmix,0.2,0.5,42.0,362.0,750.0,0.4826666666666667,cutmix_alpha0.2_p0.5
morejitter_cutmix_alpha0.2_p0.5,3,3.23454024597374,48.326982537055486,2.19842274692947,67.33861570729434,morejitter,cutmix,0.2,0.5,42.0,362.0,750.0,0.4826666666666667,cutmix_alpha0.2_p0.5
morejitter_cutmix_alpha0.2_p0.5,4,2.727882598316417,55.33028606782042,1.6665065430505823,72.9084129573526,morejitter,cutmix,0.2,0.5,42.0,375.0,750.0,0.5,cutmix_alpha0.2_p0.5
morejitter_cutmix_alpha0.2_p0.5,5,2.35236380258825,60.39118698248179,1.3336818303241789,75.7515730598928,morejitter,cutmix,0.2,0.5,42.0,363.0,750.0,0.484,cutmix_alpha0.2_p0.5
morejitter_cutmix_alpha0.2_p0.5,6,2.153052177403764,61.64456455832571,1.1017089393054986,77.60428804474482,morejitter,cutmix,0.2,0.5,42.0,390.0,750.0,0.52,cutmix_alpha0.2_p0.5
morejitter_cutmix_alpha0.2_p0.5,7,1.938101426385446,64.13916097517105,0.9598765040827476,80.02796550920532,morejitter,cutmix,0.2,0.5,42.0,370.0,750.0,0.4933333333333333,cutmix_alpha0.2_p0.5
morejitter_cutmix_alpha0.2_p0.5,8,1.8428345683575236,65.31496098228321,0.8642382956806859,80.90188767187136,morejitter,cutmix,0.2,0.5,42.0,379.0,750.0,0.5053333333333333,cutmix_alpha0.2_p0.5
morejitter_cutmix_alpha0.2_p0.5,9,1.6895434265435587,67.62193960074337,0.7787611422992147,82.03216033558611,morejitter,cutmix,0.2,0.5,42.0,374.0,750.0,0.4986666666666666,cutmix_alpha0.2_p0.5
morejitter_cutmix_alpha0.2_p0.5,10,1.669602622229132,68.0226134096329,0.7457097863378682,82.56816592868795,morejitter,cutmix,0.2,0.5,42.0,391.0,750.0,0.5213333333333333,cutmix_alpha0.2_p0.5
morejitter_cutmix_alpha0.2_p0.5,11,1.526187015088484,70.68741766272272,0.7033674799320832,82.96434397576323,morejitter,cutmix,0.2,0.5,42.0,363.0,750.0,0.484,cutmix_alpha0.2_p0.5
morejitter_cutmix_alpha0.2_p0.5,12,1.5117895399894212,70.89421864475287,0.6790511276276899,83.30226054532743,morejitter,cutmix,0.2,0.5,42.0,366.0,750.0,0.488,cutmix_alpha0.2_p0.5
morejitter_cutmix_alpha0.2_p0.5,13,1.4809700000840518,71.29399828489699,0.6520575318017559,83.20904218130971,morejitter,cutmix,0.2,0.5,42.0,392.0,750.0,0.5226666666666666,cutmix_alpha0.2_p0.5
morejitter_cutmix_alpha0.2_p0.5,14,1.43095798416125,71.72180080475786,0.6308402064601683,83.91983220694476,morejitter,cutmix,0.2,0.5,42.0,382.0,750.0,0.5093333333333333,cutmix_alpha0.2_p0.5
morejitter_cutmix_alpha0.2_p0.5,15,1.411319456978388,72.09450472293848,0.6101216313320005,84.17618270799348,morejitter,cutmix,0.2,0.5,42.0,389.0,750.0,0.5186666666666667,cutmix_alpha0.2_p0.5
morejitter_cutmix_alpha0.2_p0.5,16,1.3592873736110642,73.06340707215013,0.5962901455668185,84.18783500349569,morejitter,cutmix,0.2,0.5,42.0,381.0,750.0,0.508,cutmix_alpha0.2_p0.5
morejitter_cutmix_alpha0.2_p0.5,17,1.264720583949651,74.76998999859879,0.582952752726752,84.59566534607318,morejitter,cutmix,0.2,0.5,42.0,348.0,750.0,0.464,cutmix_alpha0.2_p0.5
morejitter_cutmix_alpha0.2_p0.5,18,1.2895305662636838,74.73666223813665,0.5762393928732635,84.63062223257982,morejitter,cutmix,0.2,0.5,42.0,378.0,750.0,0.504,cutmix_alpha0.2_p0.5
morejitter_cutmix_alpha0.2_p0.5,19,1.2848593400436394,74.852537903054,0.5734110322414759,84.60731764157539,morejitter,cutmix,0.2,0.5,42.0,389.0,750.0,0.5186666666666667,cutmix_alpha0.2_p0.5
morejitter_cutmix_alpha0.2_p0.5,20,1.2240107392326836,76.46218018027453,0.5598224410086182,84.71218830109531,morejitter,cutmix,0.2,0.5,42.0,364.0,750.0,0.4853333333333333,cutmix_alpha0.2_p0.5
